"DisplayName","Price Year","LifetimeRoomTempMonths","Vaccine presentation","Packed vol/dose(cc) of diluent","Packed vol/dose(cc) of vaccine","RandomKey","Price Units","LifetimeOpenMonths","Manufacturer","Name","Secondary Packaging","Notes","link","Requires","Vaccine price/dose","Doses per vial","Method of administration","Doses/person","Vaccine price/vial","Abbreviation","LifetimeFreezerMonths","LifetimeCoolerMonths"
"BCG SII 20 Dose","",0.001,"Lyophilized + Diluent",1.552,1.3,10000,"USD",0.01,"Serum Institute of India","BGC_SerumIndia_20Dose","","","","","",20,"",1,"","BCG",0.002,24.0
"OPV WHO 10 Dose","",0.001,"Liquid",0.0,2.0,10184,"USD",1.0,"WHO Shipping Guidelines","OPV_WHO_Shipping_Guide_10Dose_v2","1 Vial","Biofarma or Sanofi Pasteur","","","",10,"",1,"","OPV",36.0,6.0
"DTP-HepB-Hib SII 10 Dose","",0.001,"Liquid",0.0,2.6,10060,"USD",1.0,"Serum Institute of India","DTPHepBHib_SerumIndia_10Dose_v2","50 Vial Carton","","","","",10,"",1,"","DTP-HepB-Hib",0.002,24.0
"M SII 10 Dose","",0.001,"??Lyophilized + Water For Injection Diluent",4.0,2.61,10148,"USD",0.01,"Serum Insitute of India","Measles_SerumIndia_10Dose","50 Vial Carton + 50 Ampoule Diluent Carton","","","","",10,"",1,"","M",0.002,24.0
"TT SII 10 Dose","",0.001,"Liquid",0.0,2.61,10245,"USD",1.0,"Serum Institute of India","Tetanus_Toxoid_SerumIndia_10Dose","50 Vial Carton","","","","",10,"",1,"","TT",0.002,36.0
"PCV10 GSK 2 Dose","",0.001,"Liquid",0.0,4.8,10175,"USD",0.01,"GSK","PCV10_GSK_2Dose","100 Vial Carton","","","","",2,"",1,"","PCV10",0.002,36.0
