DisplayName,Name,Notes,BaseSalaryYear,BaseSalaryCur,SortOrder,BaseSalary,FractionEPI
Prov Field Coordinator,Prov_Field_Coordinator,,2014,USD,10,3121,1
District EPI Manager no DLS,District_EPI_Manager_no_DLS,,2014,USD,19,4977,0.4
Health worker no DLS,Health_worker_no_DLS,,2014,USD,22,2574,0.2
"National EPI Vaccine, Supply & Quality Officer",National_EPI_Vaccine_Supply_Quality_Officer,,2014,USD,5,3282,0.06
Prov Medical Officer,Prov_Medical_Officer,,2014,USD,15,11562,0.05
Prov Driver,Prov_Driver,,2014,USD,11,1823,1
Driver,Std_Driver,,2014,USD,1,1800,0.25
National EPI Manager,National_EPI_Manager,,2014,USD,2,10882,0.01
District EPI Manager with DLS,District_EPI_Manager_with_DLS,,2014,USD,17,4977,0.08
Health worker with DLS,Health_worker_with_DLS,,2014,USD,21,2574,0.01
National EPI Administrative Officer,National_EPI_Administrative_Officer,,2014,USD,4,3282,0.01
Prov Cold Chain Maintenance Tech,Prov_Cold_Chain_Maintenance_Tech,,2014,USD,14,5688,1
District Medical Officer no DLS,District_Medical_Officer_no_DLS,,2014,USD,18,11562,0.05
National EPI Logistics Officer,National_EPI_Logistics_Officer,,2014,USD,6,8845,0.06
National EPI Service Delivery Officer,National_EPI_Service_Delivery_Officer,,2014,USD,7,8845,0.02
National EPI Logistic Officer,National_EPI_Logistic_Officer,,2014,USD,1,3606,0.05
District Medical Officer with DLS,District_Medical_Officer_with_DLS,,2014,USD,16,11562,0.01
District Driver no DLS,District_Driver_no_DLS,,2014,USD,20,1284,0.1
National Secretary,National_Secretary,,2014,USD,9,3330,0.01
Prov EPI Manager,Prov_EPI_Manager,,2014,USD,12,9536,0.25
Warehouse Worker,Std_WarehouseStaff,,2014,USD,2,6000,1
National EPI Data Manager,National_EPI_Data_Manager,,2014,USD,8,8845,0.02
"National EPI Officer-Training, Planning, M&E",National_EPI_Officer_Training_planning_ME,,2014,USD,3,8845,0.03
