"DisplayName","Name","FuelRate","CoolVolumeCC","Storage","FuelRateUnits","BaseCostCur","BaseCost","BaseCostYear","Fuel","Requires","Notes","AmortizationKm"
"national cold truck","cold_truck",3.0,28000000.0,"","km/liter","USD",150000.0,2009,"P","","",300000.0
"motorbike","motorbike",17.0,0.0,"2*Std_VC_BK1.7CF","km/liter","USD",5000.0,2010,"P","","",200000.0
"bus","bus",0.32,0.0,"2*Std_VC_BK1.7CF","","USD",0.0,2014,"T","","",1.0
"mobile brigade truck","outreach_truck",5.0,0.0,"4*CB_20CF","km/liter","USD",35000.0,2010,"P","","",300000.0
"provincial Hilux","Hilux_province",5.0,0.0,"10*CB_20CF","km/liter","USD",50000.0,2010,"P","","",300000.0
"weekly CB pickup","CB_1week_pickup",17.0,0.0,"1*CB_20CF","km/liter","USD",5000.0,2010,"P","","",200000.0
"walk","walk",0.0,0.0,"2*Std_VC_BK1.7CF","","USD",0.0,2014,"T","","",1.0
"district truck","truck_district",5.0,0.0,"10*CB_20CF","km/liter","USD",35000.0,2010,"P","","",300000.0
