"Category","DisplayName","BaseCostCur","chain","Make","ColdLifetime","ClassName","BaseCostYear","AlarmDays","AmortYears","freezer","SnoozeDays","Name","Notes","PowerRateUnits","BaseCost","NoPowerHoldoverDays","Model","Requires","PowerRate","cooler","roomtemperature","Year","Technology","Energy"
"RefrigeratorFreezer","RCW 50 EG/CF","USD","","Dometic/Electrolux","","ElectricFridge",2012,"",8.53,0.0,"","Std_RCW50EGCF_GE_chain","Std_RCW50EGCF_GE_chain","kWh/day",1803.0,0.183,"RCW 50 EG/CF","",3.5,24.0,0.0,"YearUnk","absorption","EG"
"RefrigeratorFreezer","RCW 50 AC","USD","","Dometic/Electrolux","","ElectricFridge",2012,"",8.53,0.0,"","Std_RCW50AC_E","PQS 2000","kWh/day",1803.0,0.333,"RCW 50 AC","",2.02,24.0,0.0,"YearUnk","compression","E"
"Freezer","TC 883","USD","","Dometic/Electrolux","","ElectricFridge",2012,"",8.53,218.0,"","TC883_E","","kWh/day",780.0,0.0,"TC 883","",5.77,0.0,0.0,"YearUnk","compression","E"
"VaccineCarrier","VC 1.7 CF","USD","","Blowkings",1.583,"ShippableFridge",2012,"",8.53,0.0,"","Std_VC_BK1.7CF","Source: Senegal cost model_phase II_ 25Oct2011.xlsx + PQS 2013","liters/charge",50.0,1.583,"BK-VC 1.7-CF","",1.6,1.7,0.0,"YearUnk","ice","I"
"RefrigeratorFreezer","NLR 40","USD","","Dometic/Electrolux","","Fridge",2012,"",8.53,0.0,"","NLR40_S","","kW",1020.0,0.0,"NLR 40","",0.26,40.0,0.0,"YearUnk","battery solar","S"
"IceLinedRefrigeratorFreezer","TCW 3000F AC","EUR","","Dometic/Electrolux",2.215,"ElectricFridge",2011,"",8.53,126.5,"","TCW3000F_E","PQS 2013","kWh/day",2201.0,2.215,"TCW 3000F AC","",1.37,0.0,0.0,"YearUnk","compression","E"
"outdoors","outdoors","EUR","","mothernature",5.0,"Fridge",2012,0.0,1.0,0.0,0.0,"OUTDOORS","","Kw",0.0,0.0,"outdoors","",0.0,0.0,1000000000.0,"YearUnk","none","S"
"IceLinedRefrigerator","MK 304","EUR","","Vestfrost","","ElectricFridge",2009,"",8.53,0.0,"","MK304_E","PQS 2013","kWh/day",744.0,1.09,"MK 304","",3.2,108.0,0.0,"YearUnk","compression","E"
"IceLinedRefrigeratorFreezer","TCW 3000 AC","EUR","","Dometic/Electrolux",2.215,"ElectricFridge",2011,"",8.53,0.0,"","TCW3000_E","PQS 2013","kWh/day",2201.0,2.215,"TCW 3000 AC","",1.37,126.5,0.0,"YearUnk","compression","E"
"RefrigeratorFreezer","DMF 290","USD","","Defy","","ElectricFridge",2014,"",8.53,0.0,"","DMF290_E","","kWh/day",245.0,0.0,"DMF 290","",2.7,205.0,0.0,"YearUnk","compression","E"
"ColdBox","CB 18.7L","USD","","cold box",5.75,"ShippableFridge",2012,"",8.53,0.0,"","CB_18L","","liters/charge",200.0,0.0,"plane","",15.6,18.7,0.0,"YearUnk","ice","I"
"RefrigeratorFreezer","RCW 42 EK/CF","USD","","Dometic/Electrolux","","ElectricFridge",2012,"",8.53,0.0,"","Std_RCW42EKCF_KE_chain","PQS 2000 ??? freezer capacity is raw liters ??? figures are for 32 degrees rather than 43","kWh/day",1793.0,0.521,"RCW 42 EK/CF","",1.6,18.2,0.0,"YearUnk","absorption","EK"
"Freezer","SB 302","USD","","Vestfrost","","ElectricFridge",2012,"",8.53,108.0,"","SB302_E","","kWh/day",4744.0,0.0,"SB 302","",1.7,0.0,0.0,"YearUnk","compression","E"
"ColdRoom","National WICR 4","USD","","WICR","","Fridge",2012,"",11.98,0.0,"","National_WICR4","","kWh/day",54286.0,0.0,"4","",32.0,3023.0,0.0,"YearUnk","compression","E"
"ColdRoom","National WICR 5","USD","","WICR","","Fridge",2012,"",11.98,0.0,"","National_WICR5","","kWh/day",61736.0,0.0,"5","",36.0,7202.0,0.0,"YearUnk","compression","E"
"RefrigeratorFreezer","RCW 50 EK","USD","","Dometic/Electrolux","","ElectricFridge",2012,"",8.53,0.0,"","Std_RCW50EK_KE_chain","PQS 2000 ??? freezer volume from Std_RCW50EGCF ??? electric power from Std_RCW50EGCF","KwH/day",2040.0,0.271,"RCW 50 EK","",3.5,24.0,0.0,"YearUnk","absorption","EK"
"ColdRoom","National WICR 1","USD","","WICR","","Fridge",2012,"",11.98,0.0,"","National_WICR1","","kWh/day",61736.0,0.0,"1","",36.0,6892.0,0.0,"YearUnk","compression","E"
"ColdRoom","National WICR 2","USD","","WICR","","Fridge",2012,"",11.98,0.0,"","National_WICR2","","kWh/day",61736.0,0.0,"2","",36.0,6701.0,0.0,"YearUnk","compression","E"
"ColdRoom","National WICR 3","USD","","WICR","","Fridge",2012,"",11.98,0.0,"","National_WICR3","","kWh/day",54286.0,0.0,"3","",32.0,2924.0,0.0,"YearUnk","compression","E"
"RefrigeratorFreezer","RCW 50DC/CF","USD","","Dometic/Electrolux","","Fridge",2012,"",8.53,0.0,"","Std_RCW50DCCF_S","PQS 2000","kW",1803.0,0.208,"RCW 50DC/CF","",0.26,24.0,0.0,"YearUnk","battery solar","S"
"IceLinedRefrigeratorFreezer","MF 214","EUR","","Vestfrost","","ElectricFridge",2011,"",8.53,192.0,"","MF214_E","PQS 2013","kWh/day",478.0,0.1208,"MF 214","",3.0,0.0,0.0,"YearUnk","compression","E"
"RefrigeratorFreezer","CF 491 S","USD","","Naps","","Fridge",2014,"",8.53,0.0,"","CF491S_S","","kW",2628.0,0.0,"CF 491 S","",0.26,40.0,0.0,"YearUnk","battery solar","S"
"ColdRoom","National WIFR 2","USD","","WIFR","","Fridge",2012,"",11.98,7437.0,"","National_WIFR_2","","kWh/day",61736.0,0.0,"2","",36.0,0.0,0.0,"YearUnk","compression","E"
"IceLinedRefrigeratorFreezer","TCW 1990","USD","","Dometic/Electrolux","","ElectricFridge",2012,"",8.53,0.0,"","TCW1990_E","PQS 2000 ??? freezer volume is raw capacity rather than cold pack capacity ??? electric power is at 32 degrees rather than 43","kWh/day",1720.0,0.717,"TCW 1990","",1.41,60.0,0.0,"YearUnk","compression","E"
"ColdBox","CB RCB 444LA","USD","","Nilkamal Limited","","Fridge",2012,"",8.53,0.0,"","CB_RCB444LA","","liters/charge",200.0,0.0,"RCB 444L-A","",17.6,20.25,0.0,"YearUnk","ice","I"
"ColdBox","CB 20 CF","USD","","Blowkings",5.75,"ShippableFridge",2012,"",8.53,0.0,"","CB_20CF","","liters/charge",200.0,0.0,"CB 20 CF","",15.6,24.38,0.0,"YearUnk","ice","I"
"RefrigeratorFreezer","PF 90/70","USD","","Zero","","ElectricFridge",2000,"",8.53,0.0,"","PF9070_E","PQS 2000 ??? values are for 32 degrees rather than 43 ??? holdover time and electric power not given","kWh/day",906.0,0.0,"PF 90/70","",1.37,144.0,0.0,"YearUnk","compression","EK"
"ColdRoom","National WIFR 1","USD","","WIFR","","Fridge",2012,"",11.98,7414.0,"","National_WIFR_1","","kWh/day",61736.0,0.0,"1","",36.0,0.0,0.0,"YearUnk","compression","E"
"proxy","Proxy","EUR","","Proxy",5.0,"Fridge",2012,0.0,1.0,0.0,0.0,"proxy","","KwH/day",0.0,0.0,"proxy","",0.0,50.0,0.0,"YearUnk","none","E"
