"RouteName","idcode","LocName","Type","RouteOrder","TransitHours","TruckType","ShipIntervalDays","ShipLatencyDays","PullOrderAmountDays","DistanceKM","Conditions","Notes","PickupDelayMagnitude","PickupDelaySigma","PickupDelayFrequency","PerDiemType"
"A",120000,"Gaza","persistentdemandfetch",0,3.0,"Hilux_province",1.0,1.0,60.0,216.0,"","",20.0,1.0,0.35,"Std_PerDiem_None"
"A",100000,"Maputo National Store","persistentdemandfetch",1,3.0,"Hilux_province",1.0,1.0,60.0,216.0,"","",20.0,1.0,0.35,"Std_PerDiem_None"
"Norte_Subzone3",120000,"Gaza","askingpush",0,2.2,"Hilux_province",20.0,25.0,"",220.0,"","",0.0,0.0,0.0,"Std_PerDiem_None"
"Norte_Subzone3",120800,"Mabalane Distrito","askingpush",1,2.34,"Hilux_province",20.0,25.0,"",234.0,"","",0.0,0.0,0.0,"Std_PerDiem_None"
"Norte_Subzone3",120300,"Chicualacuala Distrito","askingpush",2,19.46,"Hilux_province",20.0,25.0,"",454.0,"","",0.0,0.0,0.0,"Std_PerDiem_None"
"r1120803",120800,"Mabalane Distrito","varpush",0,0.5,"outreach_truck",10.0,28.0,"",46.0,"","",20.0,1.0,0.35,"Std_PerDiem_None"
"r1120803",1120803,"Mabalane Sede_outreach","varpush",1,0.5,"outreach_truck",10.0,28.0,"",46.0,"","",20.0,1.0,0.35,"Std_PerDiem_None"
"r120801",120800,"Mabalane Distrito","varpush",0,0.5,"truck_district",20.0,27.0,20.0,47.0,"","",20.0,1.0,0.35,"Std_PerDiem_None"
"r120801",120801,"Combomone","varpush",1,0.5,"truck_district",20.0,27.0,20.0,47.0,"","",20.0,1.0,0.35,"Std_PerDiem_None"
"r1120801",120801,"Combomone","varpush",0,0.5,"outreach_truck",11.0,28.0,"",46.0,"","",20.0,1.0,0.35,"Std_PerDiem_None"
"r1120801",1120801,"Combomone_outreach","varpush",1,0.5,"outreach_truck",11.0,28.0,"",46.0,"","",20.0,1.0,0.35,"Std_PerDiem_None"
"r320801",120801,"Combomone","attached",0,0.0,"",0.0,0.0,"","","","",20.0,1.0,0.35,"Std_PerDiem_None"
"r320801",320801,"Combomone_clinic","attached",1,0.0,"",0.0,0.0,"","","","",20.0,1.0,0.35,"Std_PerDiem_None"
"r120802",120800,"Mabalane Distrito","varpush",0,1.0,"motorbike",20.0,27.0,20.0,77.0,"","",20.0,1.0,0.35,"Std_PerDiem_None"
"r120802",120802,"Macarale","varpush",1,1.0,"motorbike",20.0,27.0,20.0,77.0,"","",20.0,1.0,0.35,"Std_PerDiem_None"
"r120803",120800,"Mabalane Distrito","attached",0,0.0,"",0.0,0.0,"","","","",20.0,1.0,0.35,"Std_PerDiem_None"
"r120803",120803,"Mabalane Sede","attached",1,0.0,"",0.0,0.0,"","","","",20.0,1.0,0.35,"Std_PerDiem_None"
"r120804",120804,"Mabomo","schedvarfetch",0,0.5,"bus",20.0,27.0,20.0,30.0,"","",20.0,1.0,0.35,"Std_PerDiem_None"
"r120804",120800,"Mabalane Distrito","schedvarfetch",1,0.5,"bus",20.0,27.0,20.0,30.0,"","",20.0,1.0,0.35,"Std_PerDiem_None"
"r1120804",120804,"Mabomo","varpush",0,0.5,"outreach_truck",13.0,28.0,"",46.0,"","",20.0,1.0,0.35,"Std_PerDiem_None"
"r1120804",1120804,"Mabomo_outreach","varpush",1,0.5,"outreach_truck",13.0,28.0,"",46.0,"","",20.0,1.0,0.35,"Std_PerDiem_None"
"r320804",120804,"Mabomo","attached",0,0.0,"",0.0,0.0,"","","","",20.0,1.0,0.35,"Std_PerDiem_None"
"r320804",320804,"Mabomo_clinic","attached",1,0.0,"",0.0,0.0,"","","","",20.0,1.0,0.35,"Std_PerDiem_None"
"r120805",120805,"Nhimbayiwe","schedvarfetch",0,1.0,"bus",20.0,27.0,20.0,16.0,"","",20.0,1.0,0.35,"Std_PerDiem_None"
"r120805",120800,"Mabalane Distrito","schedvarfetch",1,1.0,"bus",20.0,27.0,20.0,16.0,"","",20.0,1.0,0.35,"Std_PerDiem_None"
"r120806",120800,"Mabalane Distrito","varpush",0,0.5,"motorbike",20.0,27.0,20.0,45.0,"","",20.0,1.0,0.35,"Std_PerDiem_None"
"r120806",120806,"Pfukwe","varpush",1,0.5,"motorbike",20.0,27.0,20.0,45.0,"","",20.0,1.0,0.35,"Std_PerDiem_None"
"r120807",120807,"Tsocate","schedvarfetch",0,0.5,"bus",20.0,27.0,20.0,25.0,"","",20.0,1.0,0.35,"Std_PerDiem_None"
"r120807",120800,"Mabalane Distrito","schedvarfetch",1,0.5,"bus",20.0,27.0,20.0,25.0,"","",20.0,1.0,0.35,"Std_PerDiem_None"
"r1120308",120300,"Chicualacuala Distrito","varpush",0,0.5,"outreach_truck",11.0,28.0,"",201.0,"","",20.0,1.0,0.35,"Std_PerDiem_None"
"r1120308",1120308,"Chicualacuala Sede_outreach","varpush",1,0.5,"outreach_truck",11.0,28.0,"",201.0,"","",20.0,1.0,0.35,"Std_PerDiem_None"
"r120301",120301,"Chidulo","schedvarfetch",0,0.5,"CB_1week_pickup",5.0,27.0,5.0,200.0,"","",20.0,1.0,0.35,"Std_PerDiem_None"
"r120301",120300,"Chicualacuala Distrito","schedvarfetch",1,0.5,"CB_1week_pickup",5.0,27.0,5.0,200.0,"","",20.0,1.0,0.35,"Std_PerDiem_None"
"r120302",120302,"Lithatha","schedvarfetch",0,1.0,"bus",20.0,27.0,20.0,17.0,"","",20.0,1.0,0.35,"Std_PerDiem_None"
"r120302",120300,"Chicualacuala Distrito","schedvarfetch",1,1.0,"bus",20.0,27.0,20.0,17.0,"","",20.0,1.0,0.35,"Std_PerDiem_None"
"r120303",120300,"Chicualacuala Distrito","varpush",0,1.0,"truck_district",20.0,27.0,20.0,64.0,"","",20.0,1.0,0.35,"Std_PerDiem_None"
"r120303",120303,"Mahathane","varpush",1,1.0,"truck_district",20.0,27.0,20.0,64.0,"","",20.0,1.0,0.35,"Std_PerDiem_None"
"r120304",120300,"Chicualacuala Distrito","varpush",0,1.0,"motorbike",20.0,27.0,20.0,101.0,"","",20.0,1.0,0.35,"Std_PerDiem_None"
"r120304",120304,"Mapai Ngala","varpush",1,1.0,"motorbike",20.0,27.0,20.0,101.0,"","",20.0,1.0,0.35,"Std_PerDiem_None"
"r120305",120300,"Chicualacuala Distrito","varpush",0,1.0,"truck_district",20.0,27.0,20.0,84.0,"","",20.0,1.0,0.35,"Std_PerDiem_None"
"r120305",120305,"Mapai","varpush",1,1.0,"truck_district",20.0,27.0,20.0,84.0,"","",20.0,1.0,0.35,"Std_PerDiem_None"
"r1120305",120305,"Mapai","varpush",0,0.5,"outreach_truck",11.0,28.0,"",201.0,"","",20.0,1.0,0.35,"Std_PerDiem_None"
"r1120305",1120305,"Mapai_outreach","varpush",1,0.5,"outreach_truck",11.0,28.0,"",201.0,"","",20.0,1.0,0.35,"Std_PerDiem_None"
"r320305",120305,"Mapai","attached",0,0.0,"",0.0,0.0,"","","","",20.0,1.0,0.35,"Std_PerDiem_None"
"r320305",320305,"Mapai_clinic","attached",1,0.0,"",0.0,0.0,"","","","",20.0,1.0,0.35,"Std_PerDiem_None"
"r120306",120300,"Chicualacuala Distrito","varpush",0,1.0,"motorbike",20.0,28.0,20.0,130.0,"","",20.0,1.0,0.35,"Std_PerDiem_None"
"r120306",120306,"Mep?zi","varpush",1,1.0,"motorbike",20.0,28.0,20.0,130.0,"","",20.0,1.0,0.35,"Std_PerDiem_None"
"r120307",120300,"Chicualacuala Distrito","varpush",0,1.0,"motorbike",20.0,28.0,20.0,84.0,"","",20.0,1.0,0.35,"Std_PerDiem_None"
"r120307",120307,"Paf?ri","varpush",1,1.0,"motorbike",20.0,28.0,20.0,84.0,"","",20.0,1.0,0.35,"Std_PerDiem_None"
"r1120307",120307,"Paf?ri","varpush",0,0.5,"outreach_truck",20.0,28.0,"",201.0,"","",20.0,1.0,0.35,"Std_PerDiem_None"
"r1120307",1120307,"Paf?ri_outreach","varpush",1,0.5,"outreach_truck",20.0,28.0,"",201.0,"","",20.0,1.0,0.35,"Std_PerDiem_None"
"r320307",120307,"Paf?ri","attached",0,0.0,"",0.0,0.0,"","","","",20.0,1.0,0.35,"Std_PerDiem_None"
"r320307",320307,"Paf?ri_clinic","attached",1,0.0,"",0.0,0.0,"","","","",20.0,1.0,0.35,"Std_PerDiem_None"
"r120308",120300,"Chicualacuala Distrito","attached",0,0.0,"",0.0,0.0,"","","","",20.0,1.0,0.35,"Std_PerDiem_None"
"r120308",120308,"Chicualacuala Sede","attached",1,0.0,"",0.0,0.0,"","","","",20.0,1.0,0.35,"Std_PerDiem_None"
"Norte_Subzone4",120000,"Gaza","askingpush",0,5.78,"Hilux_province",20.0,27.0,"",578.0,"","",0.0,0.0,0.0,"Std_PerDiem_None"
"Norte_Subzone4",121000,"Massangena Distrito","askingpush",1,2.67,"Hilux_province",20.0,27.0,"",267.0,"","",0.0,0.0,0.0,"Std_PerDiem_None"
"Norte_Subzone4",120400,"Chigubo Distrito","askingpush",2,15.55,"Hilux_province",20.0,27.0,"",286.0,"","",0.0,0.0,0.0,"Std_PerDiem_None"
"r1121003",121000,"Massangena Distrito","varpush",0,0.5,"outreach_truck",10.0,30.0,"",92.0,"","",20.0,1.0,0.35,"Std_PerDiem_None"
"r1121003",1121003,"Massangena Sede_outreach","varpush",1,0.5,"outreach_truck",10.0,30.0,"",92.0,"","",20.0,1.0,0.35,"Std_PerDiem_None"
"r121001",121000,"Massangena Distrito","varpush",0,0.5,"truck_district",20.0,27.0,20.0,17.0,"","",20.0,1.0,0.35,"Std_PerDiem_None"
"r121001",121001,"Mucambene","varpush",1,0.5,"truck_district",20.0,27.0,20.0,17.0,"","",20.0,1.0,0.35,"Std_PerDiem_None"
"r1121001",121001,"Mucambene","varpush",0,0.5,"outreach_truck",30.0,30.0,"",92.0,"","",20.0,1.0,0.35,"Std_PerDiem_None"
"r1121001",1121001,"Mucambene_outreach","varpush",1,0.5,"outreach_truck",30.0,30.0,"",92.0,"","",20.0,1.0,0.35,"Std_PerDiem_None"
"r321001",121001,"Mucambene","attached",0,0.0,"",0.0,0.0,"","","","",20.0,1.0,0.35,"Std_PerDiem_None"
"r321001",321001,"Mucambene_clinic","attached",1,0.0,"",0.0,0.0,"","","","",20.0,1.0,0.35,"Std_PerDiem_None"
"r121002",121000,"Massangena Distrito","varpush",0,1.0,"motorbike",20.0,29.0,20.0,64.0,"","",20.0,1.0,0.35,"Std_PerDiem_None"
"r121002",121002,"Mavu?","varpush",1,1.0,"motorbike",20.0,29.0,20.0,64.0,"","",20.0,1.0,0.35,"Std_PerDiem_None"
"r1121002",121002,"Mavu?","varpush",0,0.5,"outreach_truck",30.0,30.0,"",92.0,"","",20.0,1.0,0.35,"Std_PerDiem_None"
"r1121002",1121002,"Mavu?_outreach","varpush",1,0.5,"outreach_truck",30.0,30.0,"",92.0,"","",20.0,1.0,0.35,"Std_PerDiem_None"
"r321002",121002,"Mavu?","attached",0,0.0,"",0.0,0.0,"","","","",20.0,1.0,0.35,"Std_PerDiem_None"
"r321002",321002,"Mavu?_clinic","attached",1,0.0,"",0.0,0.0,"","","","",20.0,1.0,0.35,"Std_PerDiem_None"
"r121003",121000,"Massangena Distrito","attached",0,0.0,"",0.0,0.0,"","","","",20.0,1.0,0.35,"Std_PerDiem_None"
"r121003",121003,"Massangena Sede","attached",1,0.0,"",0.0,0.0,"","","","",20.0,1.0,0.35,"Std_PerDiem_None"
"r1120402",120400,"Chigubo Distrito","varpush",0,0.5,"outreach_truck",48.0,30.0,"",78.0,"","",20.0,1.0,0.35,"Std_PerDiem_None"
"r1120402",1120402,"Dindiza_outreach","varpush",1,0.5,"outreach_truck",48.0,30.0,"",78.0,"","",20.0,1.0,0.35,"Std_PerDiem_None"
"r120401",120400,"Chigubo Distrito","varpush",0,1.0,"motorbike",20.0,29.0,20.0,85.0,"","",20.0,1.0,0.35,"Std_PerDiem_None"
"r120401",120401,"Cubo Chigubo","varpush",1,1.0,"motorbike",20.0,29.0,20.0,85.0,"","",20.0,1.0,0.35,"Std_PerDiem_None"
"r120402",120400,"Chigubo Distrito","attached",0,0.0,"",0.0,0.0,"","","","",20.0,1.0,0.35,"Std_PerDiem_None"
"r120402",120402,"Dindiza","attached",1,0.0,"",0.0,0.0,"","","","",20.0,1.0,0.35,"Std_PerDiem_None"
"r120403",120400,"Chigubo Distrito","varpush",0,2.0,"motorbike",20.0,29.0,20.0,188.0,"","",20.0,1.0,0.35,"Std_PerDiem_None"
"r120403",120403,"Machaila","varpush",1,2.0,"motorbike",20.0,29.0,20.0,188.0,"","",20.0,1.0,0.35,"Std_PerDiem_None"
"r1120403",120403,"Machaila","varpush",0,0.5,"outreach_truck",60.0,30.0,"",78.0,"","",20.0,1.0,0.35,"Std_PerDiem_None"
"r1120403",1120403,"Machaila_outreach","varpush",1,0.5,"outreach_truck",60.0,30.0,"",78.0,"","",20.0,1.0,0.35,"Std_PerDiem_None"
"r320403",120403,"Machaila","attached",0,0.0,"",0.0,0.0,"","","","",20.0,1.0,0.35,"Std_PerDiem_None"
"r320403",320403,"Machaila_clinic","attached",1,0.0,"",0.0,0.0,"","","","",20.0,1.0,0.35,"Std_PerDiem_None"
"r120404",120400,"Chigubo Distrito","varpush",0,1.0,"truck_district",20.0,29.0,20.0,50.0,"","",20.0,1.0,0.35,"Std_PerDiem_None"
"r120404",120404,"Nhanale","varpush",1,1.0,"truck_district",20.0,29.0,20.0,50.0,"","",20.0,1.0,0.35,"Std_PerDiem_None"
"r1120404",120404,"Nhanale","varpush",0,0.5,"outreach_truck",60.0,30.0,"",78.0,"","",20.0,1.0,0.35,"Std_PerDiem_None"
"r1120404",1120404,"Nhanale_outreach","varpush",1,0.5,"outreach_truck",60.0,30.0,"",78.0,"","",20.0,1.0,0.35,"Std_PerDiem_None"
"r320404",120404,"Nhanale","attached",0,0.0,"",0.0,0.0,"","","","",20.0,1.0,0.35,"Std_PerDiem_None"
"r320404",320404,"Nhanale_clinic","attached",1,0.0,"",0.0,0.0,"","","","",20.0,1.0,0.35,"Std_PerDiem_None"
"r120405",120400,"Chigubo Distrito","varpush",0,1.0,"motorbike",20.0,30.0,20.0,85.0,"","",20.0,1.0,0.35,"Std_PerDiem_None"
"r120405",120405,"Sa?te","varpush",1,1.0,"motorbike",20.0,30.0,20.0,85.0,"","",20.0,1.0,0.35,"Std_PerDiem_None"
"r120406",120400,"Chigubo Distrito","varpush",0,2.0,"motorbike",20.0,30.0,20.0,164.0,"","",20.0,1.0,0.35,"Std_PerDiem_None"
"r120406",120406,"Zinhane","varpush",1,2.0,"motorbike",20.0,30.0,20.0,164.0,"","",20.0,1.0,0.35,"Std_PerDiem_None"
"r1120406",120406,"Zinhane","varpush",0,0.5,"outreach_truck",60.0,30.0,"",78.0,"","",20.0,1.0,0.35,"Std_PerDiem_None"
"r1120406",1120406,"Zinhane_outreach","varpush",1,0.5,"outreach_truck",60.0,30.0,"",78.0,"","",20.0,1.0,0.35,"Std_PerDiem_None"
"r320406",120406,"Zinhane","attached",0,0.0,"",0.0,0.0,"","","","",20.0,1.0,0.35,"Std_PerDiem_None"
"r320406",320406,"Zinhane_clinic","attached",1,0.0,"",0.0,0.0,"","","","",20.0,1.0,0.35,"Std_PerDiem_None"
"Sul_Subzone1",120000,"Gaza","askingpush",0,1.21,"Hilux_province",20.0,3.0,"",121.0,"","",0.0,0.0,0.0,"Std_PerDiem_None"
"Sul_Subzone1",120501,"Ch?kw? Sede","askingpush",1,0.5,"Hilux_province",20.0,3.0,"",50.0,"","",0.0,0.0,0.0,"Std_PerDiem_None"
"Sul_Subzone1",120504,"Chalocuane","askingpush",2,0.4,"Hilux_province",20.0,3.0,"",40.0,"","",0.0,0.0,0.0,"Std_PerDiem_None"
"Sul_Subzone1",120506,"Chilembene","askingpush",3,0.2,"Hilux_province",20.0,3.0,"",20.0,"","",0.0,0.0,0.0,"Std_PerDiem_None"
"Sul_Subzone1",120503,"Hokwe","askingpush",4,0.45,"Hilux_province",20.0,3.0,"",45.0,"","",0.0,0.0,0.0,"Std_PerDiem_None"
"Sul_Subzone1",120509,"Lionde","askingpush",5,0.15,"Hilux_province",20.0,3.0,"",15.0,"","",0.0,0.0,0.0,"Std_PerDiem_None"
"Sul_Subzone1",120507,"Conhane","askingpush",6,0.3,"Hilux_province",20.0,3.0,"",30.0,"","",0.0,0.0,0.0,"Std_PerDiem_None"
"Sul_Subzone1",120505,"Chiaquelane","askingpush",7,0.3,"Hilux_province",20.0,3.0,"",30.0,"","",0.0,0.0,0.0,"Std_PerDiem_None"
"Sul_Subzone1",220501,"Ch?kw? Sede_stop","askingpush",8,20.49,"Hilux_province",20.0,3.0,"",25.0,"","",0.0,0.0,0.0,"Std_PerDiem_None"
"Sul_Subzone1",120511,"Barragem","askingpush",9,0.5,"Hilux_province",20.0,3.0,"",50.0,"","",0.0,0.0,0.0,"Std_PerDiem_None"
"Sul_Subzone1",120510,"Machua","askingpush",10,0.39,"Hilux_province",20.0,3.0,"",39.0,"","",0.0,0.0,0.0,"Std_PerDiem_None"
"Sul_Subzone1",120516,"Tlawene","askingpush",11,0.3,"Hilux_province",20.0,3.0,"",30.0,"","",0.0,0.0,0.0,"Std_PerDiem_None"
"Sul_Subzone1",120508,"Cumba","askingpush",12,0.23,"Hilux_province",20.0,3.0,"",23.0,"","",0.0,0.0,0.0,"Std_PerDiem_None"
"Sul_Subzone1",120513,"Massavasse","askingpush",13,0.23,"Hilux_province",20.0,3.0,"",23.0,"","",0.0,0.0,0.0,"Std_PerDiem_None"
"Sul_Subzone1",220501,"Ch?kw? Sede_stop","askingpush",14,22.35,"Hilux_province",20.0,3.0,"",23.0,"","",0.0,0.0,0.0,"Std_PerDiem_None"
"Sul_Subzone1",120514,"Muianga","askingpush",15,0.39,"Hilux_province",20.0,3.0,"",39.0,"","",0.0,0.0,0.0,"Std_PerDiem_None"
"Sul_Subzone1",120512,"Mapapa","askingpush",16,0.34,"Hilux_province",20.0,3.0,"",34.0,"","",0.0,0.0,0.0,"Std_PerDiem_None"
"Sul_Subzone1",120515,"Nwachicoluane","askingpush",17,0.37,"Hilux_province",20.0,3.0,"",37.0,"","",0.0,0.0,0.0,"Std_PerDiem_None"
"Sul_Subzone1",120502,"Urbano 3? Bairro","askingpush",18,0.07,"Hilux_province",20.0,3.0,"",7.0,"","",0.0,0.0,0.0,"Std_PerDiem_None"
"Sul_Subzone1",220501,"Ch?kw? Sede_stop","askingpush",19,22.83,"Hilux_province",20.0,3.0,"",10.0,"","",0.0,0.0,0.0,"Std_PerDiem_None"
"Sul_Subzone1",120708,"Guij? Sede","askingpush",20,0.52,"Hilux_province",20.0,3.0,"",52.0,"","",0.0,0.0,0.0,"Std_PerDiem_None"
"Sul_Subzone1",120709,"Mbalavala","askingpush",21,0.46,"Hilux_province",20.0,3.0,"",46.0,"","",0.0,0.0,0.0,"Std_PerDiem_None"
"Sul_Subzone1",120707,"Nalazi","askingpush",22,0.26,"Hilux_province",20.0,3.0,"",26.0,"","",0.0,0.0,0.0,"Std_PerDiem_None"
"Sul_Subzone1",120706,"Mubanguene","askingpush",23,0.14,"Hilux_province",20.0,3.0,"",14.0,"","",0.0,0.0,0.0,"Std_PerDiem_None"
"Sul_Subzone1",120704,"Chinhacanine","askingpush",24,0.2,"Hilux_province",20.0,3.0,"",20.0,"","",0.0,0.0,0.0,"Std_PerDiem_None"
"Sul_Subzone1",220708,"Guij? Sede_stop","askingpush",25,22.42,"Hilux_province",20.0,3.0,"",24.0,"","",0.0,0.0,0.0,"Std_PerDiem_None"
"Sul_Subzone1",120703,"Chimbembe","askingpush",26,0.45,"Hilux_province",20.0,3.0,"",45.0,"","",0.0,0.0,0.0,"Std_PerDiem_None"
"Sul_Subzone1",120701,"Mpelane","askingpush",27,0.23,"Hilux_province",20.0,3.0,"",23.0,"","",0.0,0.0,0.0,"Std_PerDiem_None"
"Sul_Subzone1",120705,"Chivonguene","askingpush",28,0.2,"Hilux_province",20.0,3.0,"",20.0,"","",0.0,0.0,0.0,"Std_PerDiem_None"
"Sul_Subzone1",120702,"Chibabel","askingpush",29,0.26,"Hilux_province",20.0,3.0,"",26.0,"","",0.0,0.0,0.0,"Std_PerDiem_None"
"Sul_Subzone1",220708,"Guij? Sede_stop","askingpush",30,22.86,"Hilux_province",20.0,3.0,"",61.0,"","",0.0,0.0,0.0,"Std_PerDiem_None"
"Sul_Subzone1",120108,"Macia us da Sede","askingpush",31,0.47,"Hilux_province",20.0,3.0,"",47.0,"","",0.0,0.0,0.0,"Std_PerDiem_None"
"Sul_Subzone1",120105,"Messano","askingpush",32,0.2,"Hilux_province",20.0,3.0,"",20.0,"","",0.0,0.0,0.0,"Std_PerDiem_None"
"Sul_Subzone1",120104,"Mazivila","askingpush",33,0.3,"Hilux_province",20.0,3.0,"",30.0,"","",0.0,0.0,0.0,"Std_PerDiem_None"
"Sul_Subzone1",120103,"Mangole","askingpush",34,0.35,"Hilux_province",20.0,3.0,"",12.0,"","",0.0,0.0,0.0,"Std_PerDiem_None"
"Sul_Subzone1",220108,"Macia us da Sede_stop","askingpush",35,22.68,"Hilux_province",20.0,3.0,"",33.0,"","",0.0,0.0,0.0,"Std_PerDiem_None"
"Sul_Subzone1",120111,"Praia Bilene","askingpush",36,0.47,"Hilux_province",20.0,3.0,"",47.0,"","",0.0,0.0,0.0,"Std_PerDiem_None"
"Sul_Subzone1",120109,"Tuane","askingpush",37,0.6,"Hilux_province",20.0,3.0,"",60.0,"","",0.0,0.0,0.0,"Std_PerDiem_None"
"Sul_Subzone1",120102,"Licilio","askingpush",38,0.45,"Hilux_province",20.0,3.0,"",45.0,"","",0.0,0.0,0.0,"Std_PerDiem_None"
"Sul_Subzone1",220108,"Macia us da Sede_stop","askingpush",39,22.48,"Hilux_province",20.0,3.0,"",31.0,"","",0.0,0.0,0.0,"Std_PerDiem_None"
"Sul_Subzone1",120101,"Chissano","askingpush",40,0.38,"Hilux_province",20.0,3.0,"",16.0,"","",0.0,0.0,0.0,"Std_PerDiem_None"
"Sul_Subzone1",120110,"Incaia","askingpush",41,0.16,"Hilux_province",20.0,3.0,"",16.0,"","",0.0,0.0,0.0,"Std_PerDiem_None"
"Sul_Subzone1",220108,"Macia us da Sede_stop","askingpush",42,23.46,"Hilux_province",20.0,3.0,"",60.0,"","",0.0,0.0,0.0,"Std_PerDiem_None"
"Sul_Subzone1",121211,"Chicumbane Sede","askingpush",43,0.005,"Hilux_province",20.0,3.0,"",58.0,"","",0.0,0.0,0.0,"Std_PerDiem_None"
"Sul_Subzone1",121202,"Bungane","askingpush",44,0.3,"Hilux_province",20.0,3.0,"",30.0,"","",0.0,0.0,0.0,"Std_PerDiem_None"
"Sul_Subzone1",121209,"Nhacutse","askingpush",45,0.6,"Hilux_province",20.0,3.0,"",60.0,"","",0.0,0.0,0.0,"Std_PerDiem_None"
"Sul_Subzone1",121212,"Siaia","askingpush",46,0.5,"Hilux_province",20.0,3.0,"",50.0,"","",0.0,0.0,0.0,"Std_PerDiem_None"
"Sul_Subzone1",121201,"Banhine","askingpush",47,0.3,"Hilux_province",20.0,3.0,"",30.0,"","",0.0,0.0,0.0,"Std_PerDiem_None"
"Sul_Subzone1",121207,"Maciene","askingpush",48,0.39,"Hilux_province",20.0,3.0,"",39.0,"","",0.0,0.0,0.0,"Std_PerDiem_None"
"Sul_Subzone1",121210,"Nhamavila","askingpush",49,0.43,"Hilux_province",20.0,3.0,"",43.0,"","",0.0,0.0,0.0,"Std_PerDiem_None"
"Sul_Subzone1",221211,"Chicumbane Sede_stop","askingpush",50,21.475,"Hilux_province",20.0,3.0,"",31.0,"","",0.0,0.0,0.0,"Std_PerDiem_None"
"Sul_Subzone1",121205,"Chongoene","askingpush",51,0.36,"Hilux_province",20.0,3.0,"",36.0,"","",0.0,0.0,0.0,"Std_PerDiem_None"
"Sul_Subzone1",121206,"Julius Nyerere","askingpush",52,0.33,"Hilux_province",20.0,3.0,"",33.0,"","",0.0,0.0,0.0,"Std_PerDiem_None"
"Sul_Subzone1",121204,"Chipenhe","askingpush",53,0.4,"Hilux_province",20.0,3.0,"",40.0,"","",0.0,0.0,0.0,"Std_PerDiem_None"
"Sul_Subzone1",121215,"Zongoene","askingpush",54,0.43,"Hilux_province",20.0,3.0,"",43.0,"","",0.0,0.0,0.0,"Std_PerDiem_None"
"Sul_Subzone1",121214,"Zimilene","askingpush",55,0.3,"Hilux_province",20.0,3.0,"",30.0,"","",0.0,0.0,0.0,"Std_PerDiem_None"
"Sul_Subzone1",121203,"Chilaulene","askingpush",56,0.38,"Hilux_province",20.0,3.0,"",38.0,"","",0.0,0.0,0.0,"Std_PerDiem_None"
"Sul_Subzone1",121213,"Vladimir Lenine","askingpush",57,0.18,"Hilux_province",20.0,3.0,"",18.0,"","",0.0,0.0,0.0,"Std_PerDiem_None"
"Sul_Subzone1",121208,"Ndambine","askingpush",58,0.18,"Hilux_province",20.0,3.0,"",18.0,"","",0.0,0.0,0.0,"Std_PerDiem_None"
"Sul_Subzone1",221211,"Chicumbane Sede_stop","askingpush",59,21.44,"Hilux_province",20.0,3.0,"",18.0,"","",0.0,0.0,0.0,"Std_PerDiem_None"
"r320501",120501,"Ch?kw? Sede","attached",0,0.0,"",0.0,0.0,"","","","",20.0,1.0,0.35,"Std_PerDiem_None"
"r320501",320501,"Ch?kw? Sede_clinic","attached",1,0.0,"",0.0,0.0,"","","","",20.0,1.0,0.35,"Std_PerDiem_None"
"r1120504",120504,"Chalocuane","varpush",0,81.0,"outreach_truck",9.0,14.0,"",31.0,"","",20.0,1.0,0.35,"Std_PerDiem_None"
"r1120504",1120504,"Chalocuane_outreach","varpush",1,81.0,"outreach_truck",9.0,14.0,"",31.0,"","",20.0,1.0,0.35,"Std_PerDiem_None"
"r1120506",120506,"Chilembene","varpush",0,0.5,"outreach_truck",22.0,14.0,"",31.0,"","",20.0,1.0,0.35,"Std_PerDiem_None"
"r1120506",1120506,"Chilembene_outreach","varpush",1,0.5,"outreach_truck",22.0,14.0,"",31.0,"","",20.0,1.0,0.35,"Std_PerDiem_None"
"r320506",120506,"Chilembene","attached",0,0.0,"",0.0,0.0,"","","","",20.0,1.0,0.35,"Std_PerDiem_None"
"r320506",320506,"Chilembene_clinic","attached",1,0.0,"",0.0,0.0,"","","","",20.0,1.0,0.35,"Std_PerDiem_None"
"r320509",120509,"Lionde","attached",0,0.0,"",0.0,0.0,"","","","",20.0,1.0,0.35,"Std_PerDiem_None"
"r320509",320509,"Lionde_clinic","attached",1,0.0,"",0.0,0.0,"","","","",20.0,1.0,0.35,"Std_PerDiem_None"
"r1120507",120507,"Conhane","varpush",0,0.5,"outreach_truck",240.0,14.0,"",31.0,"","",20.0,1.0,0.35,"Std_PerDiem_None"
"r1120507",1120507,"Conhane_outreach","varpush",1,0.5,"outreach_truck",240.0,14.0,"",31.0,"","",20.0,1.0,0.35,"Std_PerDiem_None"
"r1120511",120511,"Barragem","varpush",0,294.0,"outreach_truck",2.0,14.0,"",31.0,"","",20.0,1.0,0.35,"Std_PerDiem_None"
"r1120511",1120511,"Barragem_outreach","varpush",1,294.0,"outreach_truck",2.0,14.0,"",31.0,"","",20.0,1.0,0.35,"Std_PerDiem_None"
"r320511",120511,"Barragem","attached",0,0.0,"",0.0,0.0,"","","","",20.0,1.0,0.35,"Std_PerDiem_None"
"r320511",320511,"Barragem_clinic","attached",1,0.0,"",0.0,0.0,"","","","",20.0,1.0,0.35,"Std_PerDiem_None"
"r1120508",120508,"Cumba","varpush",0,0.5,"outreach_truck",240.0,14.0,"",31.0,"","",20.0,1.0,0.35,"Std_PerDiem_None"
"r1120508",1120508,"Cumba_outreach","varpush",1,0.5,"outreach_truck",240.0,14.0,"",31.0,"","",20.0,1.0,0.35,"Std_PerDiem_None"
"r1120514",120514,"Muianga","varpush",0,0.5,"outreach_truck",80.0,14.0,"",31.0,"","",20.0,1.0,0.35,"Std_PerDiem_None"
"r1120514",1120514,"Muianga_outreach","varpush",1,0.5,"outreach_truck",80.0,14.0,"",31.0,"","",20.0,1.0,0.35,"Std_PerDiem_None"
"r1120502",120502,"Urbano 3? Bairro","varpush",0,0.5,"outreach_truck",240.0,14.0,"",31.0,"","",20.0,1.0,0.35,"Std_PerDiem_None"
"r1120502",1120502,"Urbano 3? Bairro_outreach","varpush",1,0.5,"outreach_truck",240.0,14.0,"",31.0,"","",20.0,1.0,0.35,"Std_PerDiem_None"
"r1120708",120708,"Guij? Sede","varpush",0,79.0,"outreach_truck",10.0,14.0,"",29.0,"","",20.0,1.0,0.35,"Std_PerDiem_None"
"r1120708",1120708,"Guij? Sede_outreach","varpush",1,79.0,"outreach_truck",10.0,14.0,"",29.0,"","",20.0,1.0,0.35,"Std_PerDiem_None"
"r320709",120709,"Mbalavala","attached",0,0.0,"",0.0,0.0,"","","","",20.0,1.0,0.35,"Std_PerDiem_None"
"r320709",320709,"Mbalavala_clinic","attached",1,0.0,"",0.0,0.0,"","","","",20.0,1.0,0.35,"Std_PerDiem_None"
"r1120707",120707,"Nalazi","varpush",0,0.5,"outreach_truck",30.0,14.0,"",29.0,"","",20.0,1.0,0.35,"Std_PerDiem_None"
"r1120707",1120707,"Nalazi_outreach","varpush",1,0.5,"outreach_truck",30.0,14.0,"",29.0,"","",20.0,1.0,0.35,"Std_PerDiem_None"
"r320707",120707,"Nalazi","attached",0,0.0,"",0.0,0.0,"","","","",20.0,1.0,0.35,"Std_PerDiem_None"
"r320707",320707,"Nalazi_clinic","attached",1,0.0,"",0.0,0.0,"","","","",20.0,1.0,0.35,"Std_PerDiem_None"
"r1120706",120706,"Mubanguene","varpush",0,0.5,"outreach_truck",240.0,14.0,"",29.0,"","",20.0,1.0,0.35,"Std_PerDiem_None"
"r1120706",1120706,"Mubanguene_outreach","varpush",1,0.5,"outreach_truck",240.0,14.0,"",29.0,"","",20.0,1.0,0.35,"Std_PerDiem_None"
"r320706",120706,"Mubanguene","attached",0,0.0,"",0.0,0.0,"","","","",20.0,1.0,0.35,"Std_PerDiem_None"
"r320706",320706,"Mubanguene_clinic","attached",1,0.0,"",0.0,0.0,"","","","",20.0,1.0,0.35,"Std_PerDiem_None"
"r1120701",120701,"Mpelane","varpush",0,110.0,"outreach_truck",7.0,14.0,"",29.0,"","",20.0,1.0,0.35,"Std_PerDiem_None"
"r1120701",1120701,"Mpelane_outreach","varpush",1,110.0,"outreach_truck",7.0,14.0,"",29.0,"","",20.0,1.0,0.35,"Std_PerDiem_None"
"r1120705",120705,"Chivonguene","varpush",0,0.5,"outreach_truck",240.0,14.0,"",29.0,"","",20.0,1.0,0.35,"Std_PerDiem_None"
"r1120705",1120705,"Chivonguene_outreach","varpush",1,0.5,"outreach_truck",240.0,14.0,"",29.0,"","",20.0,1.0,0.35,"Std_PerDiem_None"
"r320705",120705,"Chivonguene","attached",0,0.0,"",0.0,0.0,"","","","",20.0,1.0,0.35,"Std_PerDiem_None"
"r320705",320705,"Chivonguene_clinic","attached",1,0.0,"",0.0,0.0,"","","","",20.0,1.0,0.35,"Std_PerDiem_None"
"r1120702",120702,"Chibabel","varpush",0,66.0,"outreach_truck",12.0,14.0,"",29.0,"","",20.0,1.0,0.35,"Std_PerDiem_None"
"r1120702",1120702,"Chibabel_outreach","varpush",1,66.0,"outreach_truck",12.0,14.0,"",29.0,"","",20.0,1.0,0.35,"Std_PerDiem_None"
"r1120108",120108,"Macia us da Sede","varpush",0,0.5,"outreach_truck",27.0,14.0,"",35.0,"","",20.0,1.0,0.35,"Std_PerDiem_None"
"r1120108",1120108,"Macia us da Sede_outreach","varpush",1,0.5,"outreach_truck",27.0,14.0,"",35.0,"","",20.0,1.0,0.35,"Std_PerDiem_None"
"r120106",120106,"Mamonho","schedvarfetch",0,0.5,"CB_1week_pickup",5.0,14.0,5.0,30.0,"","Updated based on nonfunctional storage",20.0,1.0,0.35,"Std_PerDiem_None"
"r120106",120108,"Macia us da Sede","schedvarfetch",1,0.5,"CB_1week_pickup",5.0,14.0,5.0,30.0,"","",20.0,1.0,0.35,"Std_PerDiem_None"
"r1120106",120106,"Mamonho","varpush",0,0.5,"outreach_truck",15.0,14.0,"",35.0,"","",20.0,1.0,0.35,"Std_PerDiem_None"
"r1120106",1120106,"Mamonho_outreach","varpush",1,0.5,"outreach_truck",15.0,14.0,"",35.0,"","",20.0,1.0,0.35,"Std_PerDiem_None"
"r120107",120107,"Olombe","schedvarfetch",0,0.5,"CB_1week_pickup",5.0,14.0,5.0,32.0,"","Updated based on nonfunctional storage",20.0,1.0,0.35,"Std_PerDiem_None"
"r120107",120108,"Macia us da Sede","schedvarfetch",1,0.5,"CB_1week_pickup",5.0,14.0,5.0,32.0,"","",20.0,1.0,0.35,"Std_PerDiem_None"
"r1120107",120107,"Olombe","varpush",0,0.5,"outreach_truck",27.0,14.0,"",35.0,"","",20.0,1.0,0.35,"Std_PerDiem_None"
"r1120107",1120107,"Olombe_outreach","varpush",1,0.5,"outreach_truck",27.0,14.0,"",35.0,"","",20.0,1.0,0.35,"Std_PerDiem_None"
"r1120105",120105,"Messano","varpush",0,0.5,"outreach_truck",6.0,14.0,"",35.0,"","",20.0,1.0,0.35,"Std_PerDiem_None"
"r1120105",1120105,"Messano_outreach","varpush",1,0.5,"outreach_truck",6.0,14.0,"",35.0,"","",20.0,1.0,0.35,"Std_PerDiem_None"
"r320105",120105,"Messano","attached",0,0.0,"",0.0,0.0,"","","","",20.0,1.0,0.35,"Std_PerDiem_None"
"r320105",320105,"Messano_clinic","attached",1,0.0,"",0.0,0.0,"","","","",20.0,1.0,0.35,"Std_PerDiem_None"
"r1120104",120104,"Mazivila","varpush",0,61.0,"outreach_truck",4.0,14.0,"",35.0,"","",20.0,1.0,0.35,"Std_PerDiem_None"
"r1120104",1120104,"Mazivila_outreach","varpush",1,61.0,"outreach_truck",4.0,14.0,"",35.0,"","",20.0,1.0,0.35,"Std_PerDiem_None"
"r320104",120104,"Mazivila","attached",0,0.0,"",0.0,0.0,"","","","",20.0,1.0,0.35,"Std_PerDiem_None"
"r320104",320104,"Mazivila_clinic","attached",1,0.0,"",0.0,0.0,"","","","",20.0,1.0,0.35,"Std_PerDiem_None"
"r1120111",120111,"Praia Bilene","varpush",0,0.5,"outreach_truck",48.0,14.0,"",35.0,"","",20.0,1.0,0.35,"Std_PerDiem_None"
"r1120111",1120111,"Praia_outreach","varpush",1,0.5,"outreach_truck",48.0,14.0,"",35.0,"","",20.0,1.0,0.35,"Std_PerDiem_None"
"r320111",120111,"Praia Bilene","attached",0,0.0,"",0.0,0.0,"","","","",20.0,1.0,0.35,"Std_PerDiem_None"
"r320111",320111,"Praia Bilene_clinic","attached",1,0.0,"",0.0,0.0,"","","","",20.0,1.0,0.35,"Std_PerDiem_None"
"r320109",120109,"Tuane","attached",0,0.0,"",0.0,0.0,"","","","",20.0,1.0,0.35,"Std_PerDiem_None"
"r320109",320109,"Tuane_clinic","attached",1,0.0,"",0.0,0.0,"","","","",20.0,1.0,0.35,"Std_PerDiem_None"
"r1120102",120102,"Licilio","varpush",0,0.5,"outreach_truck",16.0,14.0,"",35.0,"","",20.0,1.0,0.35,"Std_PerDiem_None"
"r1120102",1120102,"Licilio_outreach","varpush",1,0.5,"outreach_truck",16.0,14.0,"",35.0,"","",20.0,1.0,0.35,"Std_PerDiem_None"
"r1120101",120101,"Chissano","varpush",0,53.0,"outreach_truck",5.0,14.0,"",35.0,"","",20.0,1.0,0.35,"Std_PerDiem_None"
"r1120101",1120101,"Chissano_outreach","varpush",1,53.0,"outreach_truck",5.0,14.0,"",35.0,"","",20.0,1.0,0.35,"Std_PerDiem_None"
"r320101",120101,"Chissano","attached",0,0.0,"",0.0,0.0,"","","","",20.0,1.0,0.35,"Std_PerDiem_None"
"r320101",320101,"Chissano_clinic","attached",1,0.0,"",0.0,0.0,"","","","",20.0,1.0,0.35,"Std_PerDiem_None"
"r1120110",120110,"Incaia","varpush",0,0.5,"outreach_truck",240.0,14.0,"",35.0,"","",20.0,1.0,0.35,"Std_PerDiem_None"
"r1120110",1120110,"Incaia_outreach","varpush",1,0.5,"outreach_truck",240.0,14.0,"",35.0,"","",20.0,1.0,0.35,"Std_PerDiem_None"
"r321211",121211,"Chicumbane Sede","attached",0,0.0,"",0.0,0.0,"","","","",20.0,1.0,0.35,"Std_PerDiem_None"
"r321211",321211,"Chicumbane Sede_clinic","attached",1,0.0,"",0.0,0.0,"","","","",20.0,1.0,0.35,"Std_PerDiem_None"
"r1121209",121209,"Nhacutse","varpush",0,0.5,"outreach_truck",240.0,14.0,"",93.0,"","",20.0,1.0,0.35,"Std_PerDiem_None"
"r1121209",1121209,"Nhacutse_outreach","varpush",1,0.5,"outreach_truck",240.0,14.0,"",93.0,"","",20.0,1.0,0.35,"Std_PerDiem_None"
"r1121212",121212,"Siaia","varpush",0,0.5,"outreach_truck",80.0,14.0,"",93.0,"","",20.0,1.0,0.35,"Std_PerDiem_None"
"r1121212",1121212,"Siaia_outreach","varpush",1,0.5,"outreach_truck",80.0,14.0,"",93.0,"","",20.0,1.0,0.35,"Std_PerDiem_None"
"r1121207",121207,"Maciene","varpush",0,0.5,"outreach_truck",240.0,14.0,"",93.0,"","",20.0,1.0,0.35,"Std_PerDiem_None"
"r1121207",1121207,"Maciene_outreach","varpush",1,0.5,"outreach_truck",240.0,14.0,"",93.0,"","",20.0,1.0,0.35,"Std_PerDiem_None"
"r1121210",121210,"Nhamavila","varpush",0,0.5,"outreach_truck",48.0,14.0,"",93.0,"","",20.0,1.0,0.35,"Std_PerDiem_None"
"r1121210",1121210,"Nhamavila_outreach","varpush",1,0.5,"outreach_truck",48.0,14.0,"",93.0,"","",20.0,1.0,0.35,"Std_PerDiem_None"
"r1121205",121205,"Chongoene","varpush",0,0.5,"outreach_truck",240.0,14.0,"",93.0,"","",20.0,1.0,0.35,"Std_PerDiem_None"
"r1121205",1121205,"Chongoene_outreach","varpush",1,0.5,"outreach_truck",240.0,14.0,"",93.0,"","",20.0,1.0,0.35,"Std_PerDiem_None"
"r321205",121205,"Chongoene","attached",0,0.0,"",0.0,0.0,"","","","",20.0,1.0,0.35,"Std_PerDiem_None"
"r321205",321205,"Chongoene_clinic","attached",1,0.0,"",0.0,0.0,"","","","",20.0,1.0,0.35,"Std_PerDiem_None"
"r1121206",121206,"Julius Nyerere","varpush",0,0.5,"outreach_truck",240.0,14.0,"",93.0,"","",20.0,1.0,0.35,"Std_PerDiem_None"
"r1121206",1121206,"Julius Nyerere_outreach","varpush",1,0.5,"outreach_truck",240.0,14.0,"",93.0,"","",20.0,1.0,0.35,"Std_PerDiem_None"
"r1121204",121204,"Chipenhe","varpush",0,62.0,"outreach_truck",16.0,14.0,"",93.0,"","",20.0,1.0,0.35,"Std_PerDiem_None"
"r1121204",1121204,"Chipenhe_outreach","varpush",1,62.0,"outreach_truck",16.0,14.0,"",93.0,"","",20.0,1.0,0.35,"Std_PerDiem_None"
"r1121215",121215,"Zongoene","varpush",0,0.5,"outreach_truck",80.0,14.0,"",93.0,"","",20.0,1.0,0.35,"Std_PerDiem_None"
"r1121215",1121215,"Zongoene_outreach","varpush",1,0.5,"outreach_truck",80.0,14.0,"",93.0,"","",20.0,1.0,0.35,"Std_PerDiem_None"
"r321215",121215,"Zongoene","attached",0,0.0,"",0.0,0.0,"","","","",20.0,1.0,0.35,"Std_PerDiem_None"
"r321215",321215,"Zongoene_clinic","attached",1,0.0,"",0.0,0.0,"","","","",20.0,1.0,0.35,"Std_PerDiem_None"
"Sul_Subzone2",120000,"Gaza","askingpush",0,0.6,"Hilux_province",20.0,14.0,"",60.0,"","",0.0,0.0,0.0,"Std_PerDiem_None"
"Sul_Subzone2",120901,"H Rural","askingpush",1,0.86,"Hilux_province",20.0,14.0,"",86.0,"","",0.0,0.0,0.0,"Std_PerDiem_None"
"Sul_Subzone2",120909,"Denguine","askingpush",2,0.3,"Hilux_province",20.0,14.0,"",27.0,"","",0.0,0.0,0.0,"Std_PerDiem_None"
"Sul_Subzone2",120907,"Chidenguele","askingpush",3,0.3,"Hilux_province",20.0,14.0,"",30.0,"","",0.0,0.0,0.0,"Std_PerDiem_None"
"Sul_Subzone2",120910,"Incadine","askingpush",4,0.4,"Hilux_province",20.0,14.0,"",40.0,"","",0.0,0.0,0.0,"Std_PerDiem_None"
"Sul_Subzone2",220901,"H Rural_stop","askingpush",5,21.54,"Hilux_province",20.0,14.0,"",30.0,"","",0.0,0.0,0.0,"Std_PerDiem_None"
"Sul_Subzone2",120920,"Tavane","askingpush",6,0.42,"Hilux_province",20.0,14.0,"",42.0,"","",0.0,0.0,0.0,"Std_PerDiem_None"
"Sul_Subzone2",120917,"Mausse","askingpush",7,0.35,"Hilux_province",20.0,14.0,"",35.0,"","",0.0,0.0,0.0,"Std_PerDiem_None"
"Sul_Subzone2",120913,"Macuacua","askingpush",8,0.2,"Hilux_province",20.0,14.0,"",20.0,"","",0.0,0.0,0.0,"Std_PerDiem_None"
"Sul_Subzone2",120911,"Laranjeiras","askingpush",9,0.18,"Hilux_province",20.0,14.0,"",18.0,"","",0.0,0.0,0.0,"Std_PerDiem_None"
"Sul_Subzone2",120903,"Banguene","askingpush",10,0.12,"Hilux_province",20.0,14.0,"",12.0,"","",0.0,0.0,0.0,"Std_PerDiem_None"
"Sul_Subzone2",220901,"H Rural_stop","askingpush",11,22.73,"Hilux_province",20.0,14.0,"",7.0,"","",0.0,0.0,0.0,"Std_PerDiem_None"
"Sul_Subzone2",120919,"Muzamane","askingpush",12,0.15,"Hilux_province",20.0,14.0,"",15.0,"","",0.0,0.0,0.0,"Std_PerDiem_None"
"Sul_Subzone2",120906,"Chicavane","askingpush",13,0.18,"Hilux_province",20.0,14.0,"",18.0,"","",0.0,0.0,0.0,"Std_PerDiem_None"
"Sul_Subzone2",120916,"Matsinhane","askingpush",14,0.2,"Hilux_province",20.0,14.0,"",20.0,"","",0.0,0.0,0.0,"Std_PerDiem_None"
"Sul_Subzone2",120914,"Macupulane","askingpush",15,0.33,"Hilux_province",20.0,14.0,"",33.0,"","",0.0,0.0,0.0,"Std_PerDiem_None"
"Sul_Subzone2",120902,"Mangunze","askingpush",16,0.23,"Hilux_province",20.0,14.0,"",23.0,"","",0.0,0.0,0.0,"Std_PerDiem_None"
"Sul_Subzone2",220901,"H Rural_stop","askingpush",17,22.91,"Hilux_province",20.0,14.0,"",35.0,"","",0.0,0.0,0.0,"Std_PerDiem_None"
"Sul_Subzone2",120905,"Chibonzane","askingpush",18,0.2,"Hilux_province",20.0,14.0,"",20.0,"","",0.0,0.0,0.0,"Std_PerDiem_None"
"Sul_Subzone2",120908,"Cucuine","askingpush",19,0.22,"Hilux_province",20.0,14.0,"",22.0,"","",0.0,0.0,0.0,"Std_PerDiem_None"
"Sul_Subzone2",120918,"Mussavelene","askingpush",20,0.3,"Hilux_province",20.0,14.0,"",30.0,"","",0.0,0.0,0.0,"Std_PerDiem_None"
"Sul_Subzone2",120912,"Macasselane","askingpush",21,0.12,"Hilux_province",20.0,14.0,"",12.0,"","",0.0,0.0,0.0,"Std_PerDiem_None"
"Sul_Subzone2",220901,"H Rural_stop","askingpush",22,23.16,"Hilux_province",20.0,14.0,"",38.0,"","",0.0,0.0,0.0,"Std_PerDiem_None"
"Sul_Subzone2",120205,"Chibuto","askingpush",23,0.25,"Hilux_province",20.0,14.0,"",25.0,"","",0.0,0.0,0.0,"Std_PerDiem_None"
"Sul_Subzone2",120206,"Meboi","askingpush",24,0.5,"Hilux_province",20.0,14.0,"",50.0,"","",0.0,0.0,0.0,"Std_PerDiem_None"
"Sul_Subzone2",120207,"Nwavaquene","askingpush",25,0.38,"Hilux_province",20.0,14.0,"",38.0,"","",0.0,0.0,0.0,"Std_PerDiem_None"
"Sul_Subzone2",120210,"Maivene","askingpush",26,0.25,"Hilux_province",20.0,14.0,"",25.0,"","",0.0,0.0,0.0,"Std_PerDiem_None"
"Sul_Subzone2",120213,"Muxaxane","askingpush",27,0.18,"Hilux_province",20.0,14.0,"",18.0,"","",0.0,0.0,0.0,"Std_PerDiem_None"
"Sul_Subzone2",120211,"Malehice","askingpush",28,0.2,"Hilux_province",20.0,14.0,"",20.0,"","",0.0,0.0,0.0,"Std_PerDiem_None"
"Sul_Subzone2",220205,"Chibuto_stop","askingpush",29,22.24,"Hilux_province",20.0,14.0,"",97.0,"","",0.0,0.0,0.0,"Std_PerDiem_None"
"Sul_Subzone2",120202,"Changanine","askingpush",30,0.37,"Hilux_province",20.0,14.0,"",37.0,"","",0.0,0.0,0.0,"Std_PerDiem_None"
"Sul_Subzone2",120212,"Maqueze","askingpush",31,0.6,"Hilux_province",20.0,14.0,"",60.0,"","",0.0,0.0,0.0,"Std_PerDiem_None"
"Sul_Subzone2",120201,"Chaimite","askingpush",32,0.3,"Hilux_province",20.0,14.0,"",30.0,"","",0.0,0.0,0.0,"Std_PerDiem_None"
"Sul_Subzone2",120215,"Mukotuone","askingpush",33,0.39,"Hilux_province",20.0,14.0,"",39.0,"","",0.0,0.0,0.0,"Std_PerDiem_None"
"Sul_Subzone2",120203,"Chimundo","askingpush",34,0.36,"Hilux_province",20.0,14.0,"",36.0,"","",0.0,0.0,0.0,"Std_PerDiem_None"
"Sul_Subzone2",120204,"Chipadja","askingpush",35,0.32,"Hilux_province",20.0,14.0,"",32.0,"","",0.0,0.0,0.0,"Std_PerDiem_None"
"Sul_Subzone2",220205,"Chibuto_stop","askingpush",36,21.66,"Hilux_province",20.0,14.0,"",193.0,"","",0.0,0.0,0.0,"Std_PerDiem_None"
"Sul_Subzone2",121108,"Massingir Sede","askingpush",37,0.22,"Hilux_province",20.0,14.0,"",22.0,"","",0.0,0.0,0.0,"Std_PerDiem_None"
"Sul_Subzone2",121106,"Mavodze","askingpush",38,0.38,"Hilux_province",20.0,14.0,"",38.0,"","",0.0,0.0,0.0,"Std_PerDiem_None"
"Sul_Subzone2",121107,"Mucatine","askingpush",39,0.4,"Hilux_province",20.0,14.0,"",40.0,"","",0.0,0.0,0.0,"Std_PerDiem_None"
"Sul_Subzone2",221108,"Massingir Sede_stop","askingpush",40,23.0,"Hilux_province",20.0,14.0,"",45.0,"","",0.0,0.0,0.0,"Std_PerDiem_None"
"Sul_Subzone2",121101,"Zulo","askingpush",41,0.65,"Hilux_province",20.0,14.0,"",65.0,"","",0.0,0.0,0.0,"Std_PerDiem_None"
"Sul_Subzone2",121102,"Cubo Massingir","askingpush",42,0.65,"Hilux_province",20.0,14.0,"",65.0,"","",0.0,0.0,0.0,"Std_PerDiem_None"
"Sul_Subzone2",221108,"Massingir Sede_stop","askingpush",43,22.7,"Hilux_province",20.0,14.0,"",54.0,"","",0.0,0.0,0.0,"Std_PerDiem_None"
"Sul_Subzone2",121105,"Chibotane","askingpush",44,0.54,"Hilux_province",20.0,14.0,"",54.0,"","",0.0,0.0,0.0,"Std_PerDiem_None"
"Sul_Subzone2",221108,"Massingir Sede_stop","askingpush",45,23.46,"Hilux_province",20.0,14.0,"",248.0,"","",0.0,0.0,0.0,"Std_PerDiem_None"
"Sul_Subzone2",120601,"C.S. da Cidade","askingpush",46,0.08,"Hilux_province",20.0,14.0,"",8.0,"","",0.0,0.0,0.0,"Std_PerDiem_None"
"Sul_Subzone2",120602,"Marien Nguabi","askingpush",47,0.03,"Hilux_province",20.0,14.0,"",3.0,"","",0.0,0.0,0.0,"Std_PerDiem_None"
"Sul_Subzone2",120603,"Patrice Lumumba","askingpush",48,0.13,"Hilux_province",20.0,14.0,"",13.0,"","",0.0,0.0,0.0,"Std_PerDiem_None"
"Sul_Subzone2",120604,"Praia Xai-Xai","askingpush",49,0.1,"Hilux_province",20.0,14.0,"",10.0,"","",0.0,0.0,0.0,"Std_PerDiem_None"
"Sul_Subzone2",120605,"Unidade 7","askingpush",50,23.66,"Hilux_province",20.0,14.0,"",10.0,"","",0.0,0.0,0.0,"Std_PerDiem_None"
"r1120901",120901,"H Rural","varpush",0,0.5,"outreach_truck",240.0,25.0,"",27.0,"","",20.0,1.0,0.35,"Std_PerDiem_None"
"r1120901",1120901,"H Rural_outreach","varpush",1,0.5,"outreach_truck",240.0,25.0,"",27.0,"","",20.0,1.0,0.35,"Std_PerDiem_None"
"r120904",120904,"Betula","schedvarfetch",0,0.5,"CB_1week_pickup",5.0,25.0,5.0,76.0,"","Updated based on nonfunctional storage",20.0,1.0,0.35,"Std_PerDiem_None"
"r120904",120901,"H Rural","schedvarfetch",1,0.5,"CB_1week_pickup",5.0,25.0,5.0,76.0,"","",20.0,1.0,0.35,"Std_PerDiem_None"
"r1120904",120904,"Betula","varpush",0,0.5,"outreach_truck",240.0,25.0,"",27.0,"","",20.0,1.0,0.35,"Std_PerDiem_None"
"r1120904",1120904,"Betula_outreach","varpush",1,0.5,"outreach_truck",240.0,25.0,"",27.0,"","",20.0,1.0,0.35,"Std_PerDiem_None"
"r120915",120915,"Manhique","schedvarfetch",0,0.5,"CB_1week_pickup",5.0,25.0,5.0,105.0,"","",20.0,1.0,0.35,"Std_PerDiem_None"
"r120915",120901,"H Rural","schedvarfetch",1,0.5,"CB_1week_pickup",5.0,25.0,5.0,105.0,"","",20.0,1.0,0.35,"Std_PerDiem_None"
"r1120915",120915,"Manhique","varpush",0,0.5,"outreach_truck",120.0,25.0,"",27.0,"","",20.0,1.0,0.35,"Std_PerDiem_None"
"r1120915",1120915,"Manhique_outreach","varpush",1,0.5,"outreach_truck",120.0,25.0,"",27.0,"","",20.0,1.0,0.35,"Std_PerDiem_None"
"r320915",120915,"Manhique","attached",0,0.0,"",0.0,0.0,"","","","",20.0,1.0,0.35,"Std_PerDiem_None"
"r320915",320915,"Manhique_clinic","attached",1,0.0,"",0.0,0.0,"","","","",20.0,1.0,0.35,"Std_PerDiem_None"
"r320900",120901,"H Rural","attached",0,0.0,"",0.0,0.0,"","","","",20.0,1.0,0.35,"Std_PerDiem_None"
"r320900",320901,"H Rural_clinic","attached",1,0.0,"",0.0,0.0,"","","","",20.0,1.0,0.35,"Std_PerDiem_None"
"r1120909",120909,"Denguine","varpush",0,0.5,"outreach_truck",240.0,25.0,"",27.0,"","",20.0,1.0,0.35,"Std_PerDiem_None"
"r1120909",1120909,"Denguine_outreach","varpush",1,0.5,"outreach_truck",240.0,25.0,"",27.0,"","",20.0,1.0,0.35,"Std_PerDiem_None"
"r1120907",120907,"Chidenguele","varpush",0,0.5,"outreach_truck",120.0,25.0,"",27.0,"","",20.0,1.0,0.35,"Std_PerDiem_None"
"r1120907",1120907,"Chidenguele_outreach","varpush",1,0.5,"outreach_truck",120.0,25.0,"",27.0,"","",20.0,1.0,0.35,"Std_PerDiem_None"
"r320907",120907,"Chidenguele","attached",0,0.0,"",0.0,0.0,"","","","",20.0,1.0,0.35,"Std_PerDiem_None"
"r320907",320907,"Chidenguele_clinic","attached",1,0.0,"",0.0,0.0,"","","","",20.0,1.0,0.35,"Std_PerDiem_None"
"r1120910",120910,"Incadine","varpush",0,0.5,"outreach_truck",240.0,25.0,"",27.0,"","",20.0,1.0,0.35,"Std_PerDiem_None"
"r1120910",1120910,"Incadine_outreach","varpush",1,0.5,"outreach_truck",240.0,25.0,"",27.0,"","",20.0,1.0,0.35,"Std_PerDiem_None"
"r320910",120910,"Incadine","attached",0,0.0,"",0.0,0.0,"","","","",20.0,1.0,0.35,"Std_PerDiem_None"
"r320910",320910,"Incadine_clinic","attached",1,0.0,"",0.0,0.0,"","","","",20.0,1.0,0.35,"Std_PerDiem_None"
"r1120920",120920,"Tavane","varpush",0,0.5,"outreach_truck",80.0,25.0,"",27.0,"","",20.0,1.0,0.35,"Std_PerDiem_None"
"r1120920",1120920,"Tavane_outreach","varpush",1,0.5,"outreach_truck",80.0,25.0,"",27.0,"","",20.0,1.0,0.35,"Std_PerDiem_None"
"r320920",120920,"Tavane","attached",0,0.0,"",0.0,0.0,"","","","",20.0,1.0,0.35,"Std_PerDiem_None"
"r320920",320920,"Tavane_clinic","attached",1,0.0,"",0.0,0.0,"","","","",20.0,1.0,0.35,"Std_PerDiem_None"
"r1120913",120913,"Macuacua","varpush",0,0.5,"outreach_truck",60.0,25.0,"",27.0,"","",20.0,1.0,0.35,"Std_PerDiem_None"
"r1120913",1120913,"Macuacua_outreach","varpush",1,0.5,"outreach_truck",60.0,25.0,"",27.0,"","",20.0,1.0,0.35,"Std_PerDiem_None"
"r1120911",120911,"Laranjeiras","varpush",0,0.5,"outreach_truck",120.0,25.0,"",27.0,"","",20.0,1.0,0.35,"Std_PerDiem_None"
"r1120911",1120911,"Laranjeiras_outreach","varpush",1,0.5,"outreach_truck",120.0,25.0,"",27.0,"","",20.0,1.0,0.35,"Std_PerDiem_None"
"r1120903",120903,"Banguene","varpush",0,0.5,"outreach_truck",240.0,25.0,"",27.0,"","",20.0,1.0,0.35,"Std_PerDiem_None"
"r1120903",1120903,"Banguene_outreach","varpush",1,0.5,"outreach_truck",240.0,25.0,"",27.0,"","",20.0,1.0,0.35,"Std_PerDiem_None"
"r1120906",120906,"Chicavane","varpush",0,0.5,"outreach_truck",60.0,25.0,"",27.0,"","",20.0,1.0,0.35,"Std_PerDiem_None"
"r1120906",1120906,"Chicavane_outreach","varpush",1,0.5,"outreach_truck",60.0,25.0,"",27.0,"","",20.0,1.0,0.35,"Std_PerDiem_None"
"r1120916",120916,"Matsinhane","varpush",0,0.5,"outreach_truck",120.0,25.0,"",27.0,"","",20.0,1.0,0.35,"Std_PerDiem_None"
"r1120916",1120916,"Matsinhane_outreach","varpush",1,0.5,"outreach_truck",120.0,25.0,"",27.0,"","",20.0,1.0,0.35,"Std_PerDiem_None"
"r320916",120916,"Matsinhane","attached",0,0.0,"",0.0,0.0,"","","","",20.0,1.0,0.35,"Std_PerDiem_None"
"r320916",320916,"Matsinhane_clinic","attached",1,0.0,"",0.0,0.0,"","","","",20.0,1.0,0.35,"Std_PerDiem_None"
"r1120914",120914,"Macupulane","varpush",0,0.5,"outreach_truck",40.0,25.0,"",27.0,"","",20.0,1.0,0.35,"Std_PerDiem_None"
"r1120914",1120914,"Macupulane_outreach","varpush",1,0.5,"outreach_truck",40.0,25.0,"",27.0,"","",20.0,1.0,0.35,"Std_PerDiem_None"
"r320914",120914,"Macupulane","attached",0,0.0,"",0.0,0.0,"","","","",20.0,1.0,0.35,"Std_PerDiem_None"
"r320914",320914,"Macupulane_clinic","attached",1,0.0,"",0.0,0.0,"","","","",20.0,1.0,0.35,"Std_PerDiem_None"
"r1120902",120902,"Mangunze","varpush",0,0.5,"outreach_truck",240.0,25.0,"",27.0,"","",20.0,1.0,0.35,"Std_PerDiem_None"
"r1120902",1120902,"Mangunze_outreach","varpush",1,0.5,"outreach_truck",240.0,25.0,"",27.0,"","",20.0,1.0,0.35,"Std_PerDiem_None"
"r320902",120902,"Mangunze","attached",0,0.0,"",0.0,0.0,"","","","",20.0,1.0,0.35,"Std_PerDiem_None"
"r320902",320902,"Mangunze_clinic","attached",1,0.0,"",0.0,0.0,"","","","",20.0,1.0,0.35,"Std_PerDiem_None"
"r1120905",120905,"Chibonzane","varpush",0,0.5,"outreach_truck",40.0,25.0,"",27.0,"","",20.0,1.0,0.35,"Std_PerDiem_None"
"r1120905",1120905,"Chibonzane_outreach","varpush",1,0.5,"outreach_truck",40.0,25.0,"",27.0,"","",20.0,1.0,0.35,"Std_PerDiem_None"
"r320905",120905,"Chibonzane","attached",0,0.0,"",0.0,0.0,"","","","",20.0,1.0,0.35,"Std_PerDiem_None"
"r320905",320905,"Chibonzane_clinic","attached",1,0.0,"",0.0,0.0,"","","","",20.0,1.0,0.35,"Std_PerDiem_None"
"r1120908",120908,"Cucuine","varpush",0,0.5,"outreach_truck",240.0,25.0,"",27.0,"","",20.0,1.0,0.35,"Std_PerDiem_None"
"r1120908",1120908,"Cucuine_outreach","varpush",1,0.5,"outreach_truck",240.0,25.0,"",27.0,"","",20.0,1.0,0.35,"Std_PerDiem_None"
"r320908",120908,"Cucuine","attached",0,0.0,"",0.0,0.0,"","","","",20.0,1.0,0.35,"Std_PerDiem_None"
"r320908",320908,"Cucuine_clinic","attached",1,0.0,"",0.0,0.0,"","","","",20.0,1.0,0.35,"Std_PerDiem_None"
"r1120918",120918,"Mussavelene","varpush",0,0.5,"outreach_truck",40.0,25.0,"",27.0,"","",20.0,1.0,0.35,"Std_PerDiem_None"
"r1120918",1120918,"Mussavelene_outreach","varpush",1,0.5,"outreach_truck",40.0,25.0,"",27.0,"","",20.0,1.0,0.35,"Std_PerDiem_None"
"r1120912",120912,"Macasselane","varpush",0,0.5,"outreach_truck",48.0,25.0,"",27.0,"","",20.0,1.0,0.35,"Std_PerDiem_None"
"r1120912",1120912,"Macasselane_outreach","varpush",1,0.5,"outreach_truck",48.0,25.0,"",27.0,"","",20.0,1.0,0.35,"Std_PerDiem_None"
"r120208",120208,"Vila de Mil?nio","demandfetch",0,2.0,"walk",5.0,25.0,20.0,7.0,"","",20.0,1.0,0.35,"Std_PerDiem_None"
"r120208",120205,"Chibuto","demandfetch",1,2.0,"walk",5.0,25.0,20.0,7.0,"","",20.0,1.0,0.35,"Std_PerDiem_None"
"r120209",120209,"Alto Changane","schedvarfetch",0,0.5,"CB_1week_pickup",5.0,25.0,5.0,53.0,"","Updated based on nonfunctional storage",20.0,1.0,0.35,"Std_PerDiem_None"
"r120209",120205,"Chibuto","schedvarfetch",1,0.5,"CB_1week_pickup",5.0,25.0,5.0,53.0,"","",20.0,1.0,0.35,"Std_PerDiem_None"
"r1120209",120209,"Alto Changane","varpush",0,0.5,"outreach_truck",240.0,25.0,"",67.0,"","",20.0,1.0,0.35,"Std_PerDiem_None"
"r1120209",1120209,"Alto Changane_outreach","varpush",1,0.5,"outreach_truck",240.0,25.0,"",67.0,"","",20.0,1.0,0.35,"Std_PerDiem_None"
"r120214",120214,"Coca Missava","schedvarfetch",0,0.5,"CB_1week_pickup",5.0,25.0,5.0,23.0,"","",20.0,1.0,0.35,"Std_PerDiem_None"
"r120214",120205,"Chibuto","schedvarfetch",1,0.5,"CB_1week_pickup",5.0,25.0,5.0,23.0,"","",20.0,1.0,0.35,"Std_PerDiem_None"
"r320205",120205,"Chibuto","attached",0,0.0,"",0.0,0.0,"","","","",20.0,1.0,0.35,"Std_PerDiem_None"
"r320205",320205,"Chibuto_clinic","attached",1,0.0,"",0.0,0.0,"","","","",20.0,1.0,0.35,"Std_PerDiem_None"
"r1120206",120206,"Meboi","varpush",0,0.5,"outreach_truck",48.0,25.0,"",67.0,"","",20.0,1.0,0.35,"Std_PerDiem_None"
"r1120206",1120206,"Meboi_outreach","varpush",1,0.5,"outreach_truck",48.0,25.0,"",67.0,"","",20.0,1.0,0.35,"Std_PerDiem_None"
"r1120213",120213,"Muxaxane","varpush",0,0.5,"outreach_truck",120.0,25.0,"",67.0,"","",20.0,1.0,0.35,"Std_PerDiem_None"
"r1120213",1120213,"Muxaxane_outreach","varpush",1,0.5,"outreach_truck",120.0,25.0,"",67.0,"","",20.0,1.0,0.35,"Std_PerDiem_None"
"r1120211",120211,"Malehice","varpush",0,0.5,"outreach_truck",120.0,25.0,"",67.0,"","",20.0,1.0,0.35,"Std_PerDiem_None"
"r1120211",1120211,"Malehice_outreach","varpush",1,0.5,"outreach_truck",120.0,25.0,"",67.0,"","",20.0,1.0,0.35,"Std_PerDiem_None"
"r320211",120211,"Malehice","attached",0,0.0,"",0.0,0.0,"","","","",20.0,1.0,0.35,"Std_PerDiem_None"
"r320211",320211,"Malehice_clinic","attached",1,0.0,"",0.0,0.0,"","","","",20.0,1.0,0.35,"Std_PerDiem_None"
"r320212",120212,"Maqueze","attached",0,0.0,"",0.0,0.0,"","","","",20.0,1.0,0.35,"Std_PerDiem_None"
"r320212",320212,"Maqueze_clinic","attached",1,0.0,"",0.0,0.0,"","","","",20.0,1.0,0.35,"Std_PerDiem_None"
"r1120201",120201,"Chaimite","varpush",0,0.5,"outreach_truck",120.0,25.0,"",67.0,"","",20.0,1.0,0.35,"Std_PerDiem_None"
"r1120201",1120201,"Chaimite_outreach","varpush",1,0.5,"outreach_truck",120.0,25.0,"",67.0,"","",20.0,1.0,0.35,"Std_PerDiem_None"
"r320201",120201,"Chaimite","attached",0,0.0,"",0.0,0.0,"","","","",20.0,1.0,0.35,"Std_PerDiem_None"
"r320201",320201,"Chaimite_clinic","attached",1,0.0,"",0.0,0.0,"","","","",20.0,1.0,0.35,"Std_PerDiem_None"
"r1120204",120204,"Chipadja","varpush",0,86.0,"outreach_truck",20.0,25.0,"",67.0,"","",20.0,1.0,0.35,"Std_PerDiem_None"
"r1120204",1120204,"Chipadja_outreach","varpush",1,86.0,"outreach_truck",20.0,25.0,"",67.0,"","",20.0,1.0,0.35,"Std_PerDiem_None"
"r320204",120204,"Chipadja","attached",0,0.0,"",0.0,0.0,"","","","",20.0,1.0,0.35,"Std_PerDiem_None"
"r320204",320204,"Chipadja_clinic","attached",1,0.0,"",0.0,0.0,"","","","",20.0,1.0,0.35,"Std_PerDiem_None"
"r1121108",121108,"Massingir Sede","varpush",0,0.5,"outreach_truck",48.0,25.0,"",49.0,"","",20.0,1.0,0.35,"Std_PerDiem_None"
"r1121108",1121108,"Massingir Sede_outreach","varpush",1,0.5,"outreach_truck",48.0,25.0,"",49.0,"","",20.0,1.0,0.35,"Std_PerDiem_None"
"r121103",121103,"Macaringue","schedvarfetch",0,0.5,"CB_1week_pickup",5.0,25.0,5.0,70.0,"","",20.0,1.0,0.35,"Std_PerDiem_None"
"r121103",121108,"Massingir Sede","schedvarfetch",1,0.5,"CB_1week_pickup",5.0,25.0,5.0,70.0,"","",20.0,1.0,0.35,"Std_PerDiem_None"
"r1121103",121103,"Macaringue","varpush",0,0.5,"outreach_truck",120.0,25.0,"",49.0,"","",20.0,1.0,0.35,"Std_PerDiem_None"
"r1121103",1121103,"Macaringue_outreach","varpush",1,0.5,"outreach_truck",120.0,25.0,"",49.0,"","",20.0,1.0,0.35,"Std_PerDiem_None"
"r321103",121103,"Macaringue","attached",0,0.0,"",0.0,0.0,"","","","",20.0,1.0,0.35,"Std_PerDiem_None"
"r321103",321103,"Macaringue_clinic","attached",1,0.0,"",0.0,0.0,"","","","",20.0,1.0,0.35,"Std_PerDiem_None"
"r121104",121104,"Machamba","schedvarfetch",0,0.5,"CB_1week_pickup",5.0,25.0,5.0,67.0,"","Updated based on nonfunctional storage",20.0,1.0,0.35,"Std_PerDiem_None"
"r121104",121108,"Massingir Sede","schedvarfetch",1,0.5,"CB_1week_pickup",5.0,25.0,5.0,67.0,"","",20.0,1.0,0.35,"Std_PerDiem_None"
"r1121104",121104,"Machamba","varpush",0,0.5,"outreach_truck",15.0,25.0,"",49.0,"","",20.0,1.0,0.35,"Std_PerDiem_None"
"r1121104",1121104,"Machamba_outreach","varpush",1,0.5,"outreach_truck",15.0,25.0,"",49.0,"","",20.0,1.0,0.35,"Std_PerDiem_None"
"r321104",121104,"Machamba","attached",0,0.0,"",0.0,0.0,"","","","",20.0,1.0,0.35,"Std_PerDiem_None"
"r321104",321104,"Machamba_clinic","attached",1,0.0,"",0.0,0.0,"","","","",20.0,1.0,0.35,"Std_PerDiem_None"
"r321108",121108,"Massingir Sede","attached",0,0.0,"",0.0,0.0,"","","","",20.0,1.0,0.35,"Std_PerDiem_None"
"r321108",321108,"Massingir Sede_clinic","attached",1,0.0,"",0.0,0.0,"","","","",20.0,1.0,0.35,"Std_PerDiem_None"
"r1121106",121106,"Mavodze","varpush",0,0.5,"outreach_truck",13.0,25.0,"",49.0,"","",20.0,1.0,0.35,"Std_PerDiem_None"
"r1121106",1121106,"Mavodze_outreach","varpush",1,0.5,"outreach_truck",13.0,25.0,"",49.0,"","",20.0,1.0,0.35,"Std_PerDiem_None"
"r321106",121106,"Mavodze","attached",0,0.0,"",0.0,0.0,"","","","",20.0,1.0,0.35,"Std_PerDiem_None"
"r321106",321106,"Mavodze_clinic","attached",1,0.0,"",0.0,0.0,"","","","",20.0,1.0,0.35,"Std_PerDiem_None"
"r1121107",121107,"Mucatine","varpush",0,0.5,"outreach_truck",40.0,25.0,"",49.0,"","",20.0,1.0,0.35,"Std_PerDiem_None"
"r1121107",1121107,"Mucatine_outreach","varpush",1,0.5,"outreach_truck",40.0,25.0,"",49.0,"","",20.0,1.0,0.35,"Std_PerDiem_None"
"r321107",121107,"Mucatine","attached",0,0.0,"",0.0,0.0,"","","","",20.0,1.0,0.35,"Std_PerDiem_None"
"r321107",321107,"Mucatine_clinic","attached",1,0.0,"",0.0,0.0,"","","","",20.0,1.0,0.35,"Std_PerDiem_None"
"r321101",121101,"Zulo","attached",0,0.0,"",0.0,0.0,"","","","",20.0,1.0,0.35,"Std_PerDiem_None"
"r321101",321101,"Zulo_clinic","attached",1,0.0,"",0.0,0.0,"","","","",20.0,1.0,0.35,"Std_PerDiem_None"
"r1121105",121105,"Chibotane","varpush",0,0.5,"outreach_truck",40.0,25.0,"",49.0,"","",20.0,1.0,0.35,"Std_PerDiem_None"
"r1121105",1121105,"Chibotane_outreach","varpush",1,0.5,"outreach_truck",40.0,25.0,"",49.0,"","",20.0,1.0,0.35,"Std_PerDiem_None"
"r321105",121105,"Chibotane","attached",0,0.0,"",0.0,0.0,"","","","",20.0,1.0,0.35,"Std_PerDiem_None"
"r321105",321105,"Chibotane_clinic","attached",1,0.0,"",0.0,0.0,"","","","",20.0,1.0,0.35,"Std_PerDiem_None"
"C",100000,"Maputo National Store","attached",0,0.0,"",0.0,0.0,"","","","",0.0,0.0,0.0,"Std_PerDiem_None"
"C",130000,"Other Province Stores","attached",1,0.0,"",0.0,0.0,"","","","",0.0,0.0,0.0,"Std_PerDiem_None"
