"CATEGORY","FUNCTION","NAME","idcode","Device Utilization Rate","UseVialsLatency","UseVialsInterval","Latitude","Longitude","12-24months","10years","0-11months","PW","SiteCostCur","Newborn","SiteCostPerYear","SiteCostBaseYear","Inventory","Notes"
"National","Distribution","Maputo National Store",100000,1.0,0.0,0.0,-25.9674,32.58116,"","","","","USD","",769.0,2014,"1*National_WICR1+1*National_WICR2+1*National_WICR3+1*National_WICR4+1*National_WICR5+1*National_WIFR_1+1*National_WIFR_2+3*TCW3000_E+1*cold_truck",""
"Province","Distribution","Gaza",120000,1.0,0.0,0.0,-25.0683,33.6583,"","","","","USD","",0.0,2014,"1*MK304_E+2*SB302_E+1*MF214_E+5*TCW3000_E+1*TC883_E+2*Hilux_province",""
"Health Center","Distribution","Chissano",120101,1.0,1.0,0.0,-24.9333,33.3628,"","","","","USD","",0.0,2014,"1*Std_RCW50EGCF_GE_chain+1*outreach_truck",""
"Health Center","Administration","Chissano_clinic",320101,1.0,1.0,1.0,-24.9333,33.3628,819,463,852,1093,"USD",875,0.0,2014,"",""
"OutreachClinic","Administration","Chissano_outreach",1120101,1.0,14.0,5.0,0.0,0.0,51,29,53,68,"USD",54,0.0,2014,"4*CB_RCB444LA",""
"Health Center","Distribution","Licilio",120102,1.0,1.0,1.0,-24.8608,33.4117,644,363,670,859,"USD",687,0.0,2014,"1*Std_RCW50DCCF_S+1*Std_RCW42EKCF_KE_chain+1*outreach_truck",""
"OutreachClinic","Administration","Licilio_outreach",1120102,1.0,14.0,16.0,0.0,0.0,15,9,16,20,"USD",16,0.0,2014,"4*CB_RCB444LA",""
"Health Center","Administration","Mangole",120103,1.0,1.0,1.0,-25.1219,33.0894,103,58,107,137,"USD",110,0.0,2014,"1*Std_RCW50DCCF_S+1*Std_RCW42EKCF_KE_chain",""
"Health Center","Distribution","Mazivila",120104,1.0,1.0,0.0,-24.8711,33.12,"","","","","USD","",0.0,2014,"1*Std_RCW42EKCF_KE_chain+1*outreach_truck",""
"Health Center","Administration","Mazivila_clinic",320104,1.0,1.0,1.0,-24.8711,33.12,502,284,522,670,"USD",535,0.0,2014,"",""
"OutreachClinic","Administration","Mazivila_outreach",1120104,1.0,14.0,4.0,0.0,0.0,59,33,61,78,"USD",63,0.0,2014,"4*CB_RCB444LA",""
"Health Center","Distribution","Messano",120105,1.0,1.0,0.0,-25.0092,32.9847,"","","","","USD","",0.0,2014,"1*Std_RCW50AC_E+1*outreach_truck",""
"Health Center","Administration","Messano_clinic",320105,1.0,1.0,1.0,-25.0092,32.9847,807,455,839,1076,"USD",860,0.0,2014,"",""
"OutreachClinic","Administration","Messano_outreach",1120105,1.0,14.0,6.0,0.0,0.0,39,23,41,52,"USD",42,0.0,2014,"4*CB_RCB444LA",""
"Health Center","Distribution","Macia us da Sede",120108,1.0,1.0,1.0,-25.0297,33.3628,1689,954,1757,2253,"USD",1802,0.0,2014,"2*Std_RCW50AC_E+1*outreach_truck",""
"Health Center","Distribution","Mamonho",120106,1.0,1.0,1.0,-24.9533,33.0644,159,90,166,212,"USD",169,0.0,2014,"1*CB_RCB444LA+1*CB_1week_pickup+1*outreach_truck",""
"OutreachClinic","Administration","Mamonho_outreach",1120106,1.0,14.0,15.0,0.0,0.0,16,9,16,21,"USD",17,0.0,2014,"4*CB_RCB444LA",""
"Health Center","Distribution","Olombe",120107,1.0,1.0,1.0,-24.8606,33.2836,402,227,418,536,"USD",429,0.0,2014,"1*CB_RCB444LA+1*CB_1week_pickup+1*outreach_truck",""
"OutreachClinic","Administration","Olombe_outreach",1120107,1.0,14.0,27.0,0.0,0.0,9,5,10,12,"USD",10,0.0,2014,"4*CB_RCB444LA",""
"OutreachClinic","Administration","Macia us da Sede_outreach",1120108,1.0,14.0,27.0,0.0,0.0,9,6,10,12,"USD",10,0.0,2014,"4*CB_RCB444LA",""
"Health Center","Distribution","Tuane",120109,1.0,1.0,0.0,-25.0811,33.2578,"","","","","USD","",0.0,2014,"1*Std_RCW50DCCF_S",""
"Health Center","Administration","Tuane_clinic",320109,1.0,1.0,1.0,-25.0811,33.2578,95,53,98,126,"USD",101,0.0,2014,"",""
"Health Center","Distribution","Incaia",120110,1.0,1.0,1.0,-25.02648917,33.17492918,525,296,546,700,"USD",560,0.0,2014,"1*Std_RCW50DCCF_S+1*outreach_truck",""
"OutreachClinic","Administration","Incaia_outreach",1120110,1.0,14.0,240.0,0.0,0.0,1,1,1,2,"USD",1,0.0,2014,"4*CB_RCB444LA",""
"Health Center","Distribution","Praia Bilene",120111,1.0,1.0,0.0,-25.2817,33.2519,"","","","","USD","",0.0,2014,"1*Std_RCW50DCCF_S+1*outreach_truck",""
"Health Center","Administration","Praia Bilene_clinic",320111,1.0,1.0,1.0,-25.2817,33.2519,372,211,388,497,"USD",398,0.0,2014,"",""
"OutreachClinic","Administration","Praia_outreach",1120111,1.0,14.0,48.0,0.0,0.0,6,3,6,8,"USD",6,0.0,2014,"4*CB_RCB444LA",""
"Health Center","Distribution","Chaimite",120201,1.0,1.0,0.0,-24.6625,33.3458,"","","","","USD","",0.0,2014,"1*Std_RCW50DCCF_S+1*outreach_truck",""
"Health Center","Administration","Chaimite_clinic",320201,1.0,1.0,1.0,-24.6625,33.3458,625,353,650,834,"USD",667,0.0,2014,"",""
"OutreachClinic","Administration","Chaimite_outreach",1120201,1.0,25.0,120.0,0.0,0.0,13,8,14,18,"USD",14,0.0,2014,"4*CB_RCB444LA",""
"Health Center","Administration","Changanine",120202,1.0,1.0,1.0,-24.1128,33.7797,386,218,402,515,"USD",412,0.0,2014,"1*Std_RCW50DCCF_S",""
"Health Center","Administration","Chimundo",120203,1.0,1.0,1.0,-24.7017,33.5739,391,221,407,522,"USD",417,0.0,2014,"1*Std_RCW50EK_KE_chain",""
"Health Center","Distribution","Chipadja",120204,1.0,1.0,0.0,-24.5833,33.75,"","","","","USD","",0.0,2014,"1*Std_RCW50DCCF_S+1*outreach_truck",""
"Health Center","Administration","Chipadja_clinic",320204,1.0,1.0,1.0,-24.5731,33.7569,257,145,267,342,"USD",273,0.0,2014,"",""
"OutreachClinic","Administration","Chipadja_outreach",1120204,1.0,25.0,20.0,0.0,0.0,83,47,86,111,"USD",89,0.0,2014,"4*CB_RCB444LA",""
"Health Center","Distribution","Chibuto",120205,1.0,1.0,0.0,-24.6894,33.5328,"","","","","USD","",0.0,2014,"3*Std_RCW50AC_E",""
"Health Center","Administration","Vila de Mil?nio",120208,1.0,1.0,1.0,-24.6833,33.53333,483,273,502,644,"USD",515,0.0,2014,"1*Std_RCW50AC_E+1*walk",""
"Health Center","Distribution","Alto Changane",120209,1.0,1.0,1.0,-24.3097,33.63,282,159,293,375,"USD",301,0.0,2014,"1*CB_RCB444LA+1*CB_1week_pickup+1*outreach_truck",""
"OutreachClinic","Administration","Alto Changane_outreach",1120209,1.0,25.0,240.0,0.0,0.0,2,1,2,3,"USD",2,0.0,2014,"4*CB_RCB444LA",""
"Health Center","Administration","Coca Missava",120214,1.0,1.0,1.0,-24.757,33.67821,649,367,675,865,"USD",692,0.0,2014,"1*CB_RCB444LA+1*CB_1week_pickup",""
"Health Center","Administration","Chibuto_clinic",320205,1.0,1.0,1.0,-24.6894,33.5328,1999,1130,2080,2667,"USD",2133,0.0,2014,"",""
"Health Center","Distribution","Meboi",120206,1.0,1.0,1.0,-24.5231,33.67472,270,153,281,361,"USD",288,0.0,2014,"1*CF491S_S+1*outreach_truck",""
"OutreachClinic","Administration","Meboi_outreach",1120206,1.0,25.0,48.0,0.0,0.0,32,18,33,42,"USD",34,0.0,2014,"4*CB_RCB444LA",""
"Health Center","Administration","Nwavaquene",120207,1.0,1.0,1.0,-24.8175,33.7662,299,169,311,399,"USD",319,0.0,2014,"1*Std_RCW50DCCF_S",""
"Health Center","Administration","Maivene",120210,1.0,1.0,1.0,-24.30130561,33.60956078,147,83,153,196,"USD",157,0.0,2014,"1*Std_RCW50DCCF_S",""
"Health Center","Distribution","Malehice",120211,1.0,1.0,0.0,-24.7522,33.67,"","","","","USD","",0.0,2014,"1*Std_RCW50AC_E+1*Std_RCW50EK_KE_chain+1*outreach_truck",""
"Health Center","Administration","Malehice_clinic",320211,1.0,1.0,1.0,-24.7522,33.67,917,517,954,1222,"USD",978,0.0,2014,"",""
"OutreachClinic","Administration","Malehice_outreach",1120211,1.0,25.0,120.0,0.0,0.0,16,10,17,22,"USD",17,0.0,2014,"4*CB_RCB444LA",""
"Health Center","Distribution","Maqueze",120212,1.0,1.0,0.0,-24.2866,33.56441,"","","","","USD","",0.0,2014,"1*Std_RCW50EGCF_GE_chain",""
"Health Center","Administration","Maqueze_clinic",320212,1.0,1.0,1.0,-24.2866,33.56441,426,240,443,568,"USD",454,0.0,2014,"",""
"Health Center","Distribution","Muxaxane",120213,1.0,1.0,1.0,-24.7042,33.7042,254,143,265,340,"USD",271,0.0,2014,"1*Std_RCW50DCCF_S+1*outreach_truck",""
"OutreachClinic","Administration","Muxaxane_outreach",1120213,1.0,25.0,120.0,0.0,0.0,14,8,14,18,"USD",15,0.0,2014,"4*CB_RCB444LA",""
"Health Center","Administration","Mukotuone",120215,1.0,1.0,1.0,-24.5934,34.4545,452,256,471,603,"USD",483,0.0,2014,"1*Std_RCW50DCCF_S",""
"District","Distribution","Chicualacuala Distrito",120300,1.0,0.0,0.0,-22.0775,31.6783,"","","","","USD","",0.0,2014,"1*Std_RCW50DCCF_S+1*truck_district+1*motorbike+1*outreach_truck",""
"Health Center","Administration","Chidulo",120301,1.0,1.0,1.0,-22.2653,32.5283,58,33,60,78,"USD",62,0.0,2014,"1*CB_RCB444LA+1*CB_1week_pickup",""
"Health Center","Administration","Lithatha",120302,1.0,1.0,1.0,-22.2031,31.6383,95,54,99,127,"USD",101,0.0,2014,"1*Std_RCW50DCCF_S+1*bus",""
"Health Center","Administration","Mahathane",120303,1.0,1.0,1.0,-21.9694,32.1147,270,153,281,361,"USD",289,0.0,2014,"2*Std_RCW50DCCF_S",""
"Health Center","Administration","Mapai Ngala",120304,1.0,1.0,1.0,-22.8467,31.9656,177,100,184,236,"USD",189,0.0,2014,"1*Std_RCW50DCCF_S",""
"Health Center","Distribution","Mapai",120305,1.0,1.0,0.0,-22.7322,32.0608,"","","","","USD","",0.0,2014,"1*Std_RCW50DCCF_S+1*outreach_truck",""
"Health Center","Administration","Mapai_clinic",320305,1.0,1.0,1.0,-22.7322,32.0608,354,200,368,472,"USD",378,0.0,2014,"",""
"OutreachClinic","Administration","Mapai_outreach",1120305,1.0,28.0,11.0,0.0,0.0,19,11,20,25,"USD",20,0.0,2014,"4*CB_RCB444LA",""
"Health Center","Administration","Mep?zi",120306,1.0,1.0,1.0,-23.0672,32.2219,112,63,116,149,"USD",119,0.0,2014,"1*CF491S_S",""
"Health Center","Distribution","Paf?ri",120307,1.0,1.0,0.0,-22.4572,31.33,"","","","","USD","",0.0,2014,"1*Std_RCW50DCCF_S+1*outreach_truck",""
"Health Center","Administration","Paf?ri_clinic",320307,1.0,1.0,1.0,-22.4572,31.33,185,104,192,248,"USD",197,0.0,2014,"",""
"OutreachClinic","Administration","Paf?ri_outreach",1120307,1.0,28.0,20.0,0.0,0.0,10,6,11,13,"USD",11,0.0,2014,"4*CB_RCB444LA",""
"Health Center","Administration","Chicualacuala Sede",120308,1.0,1.0,1.0,-22.0775,31.6783,352,199,366,471,"USD",376,0.0,2014,"",""
"OutreachClinic","Administration","Chicualacuala Sede_outreach",1120308,1.0,28.0,11.0,0.0,0.0,19,11,20,25,"USD",20,0.0,2014,"4*CB_RCB444LA",""
"District","Distribution","Chigubo Distrito",120400,1.0,0.0,0.0,-23.4575,33.4253,"","","","","USD","",0.0,2014,"2*Std_RCW50DCCF_S+1*truck_district+1*motorbike+1*outreach_truck",""
"Health Center","Administration","Cubo Chigubo",120401,1.0,1.0,1.0,-23.9192,32.0303,114,64,118,152,"USD",122,0.0,2014,"1*Std_RCW50DCCF_S",""
"Health Center","Administration","Dindiza",120402,1.0,1.0,1.0,-23.4575,33.4253,250,141,260,333,"USD",267,0.0,2014,"",""
"Health Center","Distribution","Machaila",120403,1.0,1.0,0.0,-22.2547,32.9147,"","","","","USD","",0.0,2014,"1*Std_RCW50DCCF_S+1*outreach_truck",""
"Health Center","Administration","Machaila_clinic",320403,1.0,1.0,1.0,-22.2547,32.9147,182,103,190,244,"USD",194,0.0,2014,"",""
"OutreachClinic","Administration","Machaila_outreach",1120403,1.0,30.0,60.0,0.0,0.0,7,4,7,9,"USD",8,0.0,2014,"4*CB_RCB444LA",""
"Health Center","Distribution","Nhanale",120404,1.0,1.0,0.0,-22.8322,33.5433,"","","","","USD","",0.0,2014,"1*Std_RCW50DCCF_S+1*outreach_truck",""
"Health Center","Administration","Nhanale_clinic",320404,1.0,1.0,1.0,-22.8322,33.5433,200,112,208,267,"USD",214,0.0,2014,"",""
"OutreachClinic","Administration","Nhanale_outreach",1120404,1.0,30.0,60.0,0.0,0.0,8,5,8,10,"USD",8,0.0,2014,"4*CB_RCB444LA",""
"Health Center","Administration","Sa?te",120405,1.0,1.0,1.0,-22.3,32.98333,96,55,100,129,"USD",103,0.0,2014,"1*Std_RCW50DCCF_S",""
"Health Center","Distribution","Zinhane",120406,1.0,1.0,0.0,-22.355,33.0761,"","","","","USD","",0.0,2014,"1*Std_RCW50DCCF_S+1*outreach_truck",""
"Health Center","Administration","Zinhane_clinic",320406,1.0,1.0,1.0,-22.355,33.0761,189,107,196,251,"USD",201,0.0,2014,"",""
"OutreachClinic","Administration","Zinhane_outreach",1120406,1.0,30.0,60.0,0.0,0.0,7,4,8,10,"USD",8,0.0,2014,"4*CB_RCB444LA",""
"OutreachClinic","Administration","Dindiza_outreach",1120402,1.0,30.0,48.0,0.0,0.0,10,6,10,13,"USD",10,0.0,2014,"4*CB_RCB444LA",""
"Health Center","Distribution","Ch?kw? Sede",120501,1.0,0.0,0.0,-24.527439,33.005138,"","","","","USD","",0.0,2014,"1*DMF290_E+1*TCW3000F_E",""
"Health Center","Administration","Ch?kw? Sede_clinic",320501,1.0,1.0,1.0,-24.527439,33.005138,2091,1182,2176,2790,"USD",2232,0.0,2014,"",""
"Health Center","Distribution","Urbano 3? Bairro",120502,1.0,1.0,1.0,-24.5325,32.9834,614,346,639,820,"USD",656,0.0,2014,"1*Std_RCW50AC_E+1*outreach_truck",""
"OutreachClinic","Administration","Urbano 3? Bairro_outreach",1120502,1.0,14.0,240.0,0.0,0.0,4,3,4,5,"USD",4,0.0,2014,"4*CB_RCB444LA",""
"Health Center","Administration","Hokwe",120503,1.0,1.0,1.0,-24.7069,33.18,528,299,550,705,"USD",564,0.0,2014,"1*Std_RCW50AC_E",""
"Health Center","Distribution","Chalocuane",120504,1.0,1.0,1.0,-24.7128,33.3736,895,506,932,1195,"USD",956,0.0,2014,"1*Std_RCW50EGCF_GE_chain+1*outreach_truck",""
"OutreachClinic","Administration","Chalocuane_outreach",1120504,1.0,14.0,9.0,0.0,0.0,78,44,81,104,"USD",83,0.0,2014,"4*CB_RCB444LA",""
"Health Center","Administration","Chiaquelane",120505,1.0,1.0,1.0,-24.56255995,32.95527407,171,97,178,228,"USD",182,0.0,2014,"1*Std_RCW50AC_E",""
"Health Center","Distribution","Chilembene",120506,1.0,1.0,0.0,-24.6881,33.2586,"","","","","USD","",0.0,2014,"1*Std_RCW50AC_E+1*outreach_truck",""
"Health Center","Administration","Chilembene_clinic",320506,1.0,1.0,1.0,-24.6881,33.2586,603,340,628,805,"USD",644,0.0,2014,"",""
"OutreachClinic","Administration","Chilembene_outreach",1120506,1.0,14.0,22.0,0.0,0.0,33,19,34,43,"USD",35,0.0,2014,"4*CB_RCB444LA",""
"Health Center","Distribution","Conhane",120507,1.0,1.0,1.0,-24.7069,33.18,202,114,210,270,"USD",215,0.0,2014,"1*Std_RCW50AC_E+1*outreach_truck",""
"OutreachClinic","Administration","Conhane_outreach",1120507,1.0,14.0,240.0,0.0,0.0,2,1,2,2,"USD",2,0.0,2014,"4*CB_RCB444LA",""
"Health Center","Distribution","Cumba",120508,1.0,1.0,1.0,-24.5394,32.7508,57,32,59,75,"USD",61,0.0,2014,"1*Std_RCW50DCCF_S+1*outreach_truck",""
"OutreachClinic","Administration","Cumba_outreach",1120508,1.0,14.0,240.0,0.0,0.0,3,2,3,4,"USD",3,0.0,2014,"4*CB_RCB444LA",""
"Health Center","Distribution","Lionde",120509,1.0,1.0,0.0,-24.5858,33.0639,"","","","","USD","",0.0,2014,"1*Std_RCW50AC_E",""
"Health Center","Administration","Lionde_clinic",320509,1.0,1.0,1.0,-24.5858,33.0639,550,311,573,734,"USD",587,0.0,2014,"",""
"Health Center","Administration","Machua",120510,1.0,1.0,1.0,-24.17,32.6411,99,56,103,132,"USD",106,0.0,2014,"1*Std_RCW50DCCF_S",""
"Health Center","Distribution","Barragem",120511,1.0,1.0,0.0,-24.4081,32.8725,"","","","","USD","",0.0,2014,"1*Std_RCW50EGCF_GE_chain+1*outreach_truck",""
"Health Center","Administration","Barragem_clinic",320511,1.0,1.0,1.0,-24.4081,32.8725,500,283,521,668,"USD",534,0.0,2014,"",""
"OutreachClinic","Administration","Barragem_outreach",1120511,1.0,14.0,2.0,0.0,0.0,283,160,294,377,"USD",302,0.0,2014,"4*CB_RCB444LA",""
"Health Center","Administration","Mapapa",120512,1.0,1.0,1.0,-24.7392,33.1261,304,172,316,406,"USD",325,0.0,2014,"1*Std_RCW42EKCF_KE_chain",""
"Health Center","Administration","Massavasse",120513,1.0,1.0,1.0,-24.6228,33.1103,153,87,159,204,"USD",163,0.0,2014,"1*Std_RCW42EKCF_KE_chain",""
"Health Center","Distribution","Muianga",120514,1.0,1.0,1.0,-24.6369,33.1778,110,61,114,146,"USD",117,0.0,2014,"1*Std_RCW50AC_E+1*outreach_truck",""
"OutreachClinic","Administration","Muianga_outreach",1120514,1.0,14.0,80.0,0.0,0.0,9,6,10,12,"USD",10,0.0,2014,"4*CB_RCB444LA",""
"Health Center","Administration","Nwachicoluane",120515,1.0,1.0,1.0,-24.6794,33.0183,148,84,154,198,"USD",158,0.0,2014,"1*Std_RCW50AC_E",""
"Health Center","Administration","Tlawene",120516,1.0,1.0,1.0,-24.7536,32.8836,39,22,41,53,"USD",42,0.0,2014,"1*Std_RCW50DCCF_S",""
"Health Center","Administration","C.S. da Cidade",120601,1.0,1.0,1.0,-25.053226,33.643997,2331,1317,2425,3109,"USD",2488,0.0,2014,"1*PF9070_E+2*Std_RCW50EGCF_GE_chain+1*Std_RCW42EKCF_KE_chain",""
"Health Center","Administration","Marien Nguabi",120602,1.0,1.0,1.0,-25.0469,33.6917,905,511,942,1207,"USD",966,0.0,2014,"1*TCW1990_E",""
"Health Center","Administration","Patrice Lumumba",120603,1.0,1.0,1.0,-25.0819,33.6664,961,543,1000,1282,"USD",1026,0.0,2014,"1*Std_RCW42EKCF_KE_chain",""
"Health Center","Administration","Praia Xai-Xai",120604,1.0,1.0,1.0,-25.1156,33.7294,240,136,250,320,"USD",256,0.0,2014,"1*Std_RCW42EKCF_KE_chain",""
"Health Center","Administration","Unidade 7",120605,1.0,1.0,1.0,-25.051,33.64151,336,190,350,449,"USD",359,0.0,2014,"1*Std_RCW50AC_E",""
"Health Center","Distribution","Mpelane",120701,1.0,1.0,1.0,-24.2375,32.8375,305,172,318,407,"USD",326,0.0,2014,"1*Std_RCW50DCCF_S+1*outreach_truck",""
"OutreachClinic","Administration","Mpelane_outreach",1120701,1.0,14.0,7.0,0.0,0.0,106,60,110,141,"USD",113,0.0,2014,"4*CB_RCB444LA",""
"Health Center","Distribution","Chibabel",120702,1.0,1.0,1.0,-24.5875,33.2331,793,448,825,1058,"USD",847,0.0,2014,"1*Std_RCW50AC_E+1*outreach_truck",""
"OutreachClinic","Administration","Chibabel_outreach",1120702,1.0,14.0,12.0,0.0,0.0,63,36,66,84,"USD",67,0.0,2014,"4*CB_RCB444LA",""
"Health Center","Administration","Chimbembe",120703,1.0,1.0,1.0,-24.3667,33.2028,240,135,249,320,"USD",256,0.0,2014,"1*Std_RCW50DCCF_S",""
"Health Center","Administration","Chinhacanine",120704,1.0,1.0,1.0,-24.3628,32.9033,411,232,428,548,"USD",439,0.0,2014,"2*Std_RCW50AC_E",""
"Health Center","Distribution","Chivonguene",120705,1.0,1.0,0.0,-24.5115,33.1033,"","","","","USD","",0.0,2014,"1*Std_RCW50DCCF_S+1*outreach_truck",""
"Health Center","Administration","Chivonguene_clinic",320705,1.0,1.0,1.0,-24.5115,33.1033,235,132,244,314,"USD",251,0.0,2014,"",""
"OutreachClinic","Administration","Chivonguene_outreach",1120705,1.0,14.0,240.0,0.0,0.0,5,3,5,6,"USD",5,0.0,2014,"4*CB_RCB444LA",""
"Health Center","Distribution","Mubanguene",120706,1.0,1.0,0.0,-24.16791126,33.12099237,"","","","","USD","",0.0,2014,"1*Std_RCW42EKCF_KE_chain+1*outreach_truck",""
"Health Center","Administration","Mubanguene_clinic",320706,1.0,1.0,1.0,-24.16791126,33.12099237,168,95,175,226,"USD",180,0.0,2014,"",""
"OutreachClinic","Administration","Mubanguene_outreach",1120706,1.0,14.0,240.0,0.0,0.0,3,2,3,3,"USD",3,0.0,2014,"4*CB_RCB444LA",""
"Health Center","Distribution","Nalazi",120707,1.0,1.0,0.0,-24.0498,33.3274,"","","","","USD","",0.0,2014,"1*CF491S_S+1*Std_RCW50EGCF_GE_chain+1*outreach_truck",""
"Health Center","Administration","Nalazi_clinic",320707,1.0,1.0,1.0,-24.0498,33.3274,281,158,292,374,"USD",299,0.0,2014,"",""
"OutreachClinic","Administration","Nalazi_outreach",1120707,1.0,14.0,30.0,0.0,0.0,26,15,27,35,"USD",28,0.0,2014,"4*CB_RCB444LA",""
"Health Center","Distribution","Guij? Sede",120708,1.0,1.0,1.0,-24.4992,33.0144,542,305,563,722,"USD",577,0.0,2014,"1*TCW1990_E+1*TCW3000_E+1*outreach_truck",""
"OutreachClinic","Administration","Guij? Sede_outreach",1120708,1.0,14.0,10.0,0.0,0.0,75,43,79,101,"USD",81,0.0,2014,"4*CB_RCB444LA",""
"Health Center","Distribution","Mbalavala",120709,1.0,1.0,0.0,-24.154,33.25218,"","","","","USD","",0.0,2014,"1*Std_RCW50DCCF_S",""
"Health Center","Administration","Mbalavala_clinic",320709,1.0,1.0,1.0,-24.154,33.25218,173,98,180,231,"USD",185,0.0,2014,"",""
"District","Distribution","Mabalane Distrito",120800,1.0,0.0,0.0,-23.8508,32.6228,"","","","","USD","",0.0,2014,"1*Std_RCW50EGCF_GE_chain+1*Std_RCW42EKCF_KE_chain+1*truck_district+1*motorbike+1*outreach_truck",""
"Health Center","Distribution","Combomone",120801,1.0,1.0,0.0,-23.4281,32.5547,"","","","","USD","",0.0,2014,"1*Std_RCW50DCCF_S+1*outreach_truck",""
"Health Center","Administration","Combomone_clinic",320801,1.0,1.0,1.0,-23.4281,32.5547,279,157,290,372,"USD",298,0.0,2014,"",""
"OutreachClinic","Administration","Combomone_outreach",1120801,1.0,28.0,11.0,0.0,0.0,13,8,14,18,"USD",14,0.0,2014,"4*CB_RCB444LA",""
"Health Center","Administration","Macarale",120802,1.0,1.0,1.0,-23.3847,32.3756,157,89,164,210,"USD",168,0.0,2014,"1*Std_RCW50DCCF_S",""
"Health Center","Administration","Mabalane Sede",120803,1.0,1.0,1.0,-23.8508,32.6228,307,173,320,409,"USD",328,0.0,2014,"",""
"Health Center","Distribution","Mabomo",120804,1.0,1.0,0.0,-23.6972,32.5214,"","","","","USD","",0.0,2014,"1*NLR40_S+1*bus+1*outreach_truck",""
"Health Center","Administration","Mabomo_clinic",320804,1.0,1.0,1.0,-23.6972,32.5214,223,126,232,298,"USD",237,0.0,2014,"",""
"OutreachClinic","Administration","Mabomo_outreach",1120804,1.0,28.0,13.0,0.0,0.0,11,6,11,14,"USD",12,0.0,2014,"4*CB_RCB444LA",""
"Health Center","Administration","Nhimbayiwe",120805,1.0,1.0,1.0,-23.8392,32.5297,178,100,185,237,"USD",190,0.0,2014,"1*Std_RCW50DCCF_S+1*bus",""
"Health Center","Administration","Pfukwe",120806,1.0,1.0,1.0,-24.1422,32.7256,97,55,101,130,"USD",104,0.0,2014,"1*Std_RCW50DCCF_S",""
"Health Center","Administration","Tsocate",120807,1.0,1.0,1.0,-24.0714,32.6439,60,34,62,80,"USD",64,0.0,2014,"1*Std_RCW50DCCF_S+1*bus",""
"OutreachClinic","Administration","Mabalane Sede_outreach",1120803,1.0,28.0,10.0,0.0,0.0,15,9,15,20,"USD",16,0.0,2014,"4*CB_RCB444LA",""
"Health Center","Distribution","H Rural",120901,1.0,0.0,0.0,-24.7122,33.8861,"","","","","USD","",0.0,2014,"3*Std_RCW50AC_E+1*outreach_truck",""
"Health Center","Distribution","Betula",120904,1.0,1.0,1.0,-24.7961,34.1875,320,181,333,428,"USD",342,0.0,2014,"1*CB_RCB444LA+1*CB_1week_pickup+1*outreach_truck",""
"OutreachClinic","Administration","Betula_outreach",1120904,1.0,25.0,240.0,0.0,0.0,4,2,4,5,"USD",4,0.0,2014,"4*CB_RCB444LA",""
"Health Center","Distribution","Manhique",120915,1.0,1.0,1.0,-24.5947,34.3961,"","","","","USD","",0.0,2014,"1*CB_RCB444LA+1*CB_1week_pickup+1*outreach_truck",""
"Health Center","Administration","Manhique_clinic",320915,1.0,1.0,1.0,-24.5947,34.3961,196,111,204,262,"USD",209,0.0,2014,"",""
"OutreachClinic","Administration","Manhique_outreach",1120915,1.0,25.0,120.0,0.0,0.0,11,6,11,14,"USD",12,0.0,2014,"4*CB_RCB444LA",""
"Health Center","Administration","H Rural_clinic",320901,1.0,1.0,1.0,-24.7122,33.8861,1078,609,1121,1437,"USD",1150,0.0,2014,"",""
"OutreachClinic","Administration","H Rural_outreach",1120901,1.0,25.0,240.0,0.0,0.0,1,1,1,2,"USD",1,0.0,2014,"4*CB_RCB444LA",""
"Health Center","Distribution","Mangunze",120902,1.0,1.0,0.0,-24.8719,33.8717,"","","","","USD","",0.0,2014,"1*Std_RCW50EK_KE_chain+1*outreach_truck",""
"Health Center","Administration","Mangunze_clinic",320902,1.0,1.0,1.0,-24.8719,33.8717,276,156,287,368,"USD",295,0.0,2014,"",""
"OutreachClinic","Administration","Mangunze_outreach",1120902,1.0,25.0,240.0,0.0,0.0,3,2,3,4,"USD",3,0.0,2014,"4*CB_RCB444LA",""
"Health Center","Distribution","Banguene",120903,1.0,1.0,1.0,-24.6339,33.8375,155,88,162,207,"USD",166,0.0,2014,"1*Std_RCW50DCCF_S+1*Std_RCW50EK_KE_chain+1*outreach_truck",""
"OutreachClinic","Administration","Banguene_outreach",1120903,1.0,25.0,240.0,0.0,0.0,4,2,4,5,"USD",4,0.0,2014,"4*CB_RCB444LA",""
"Health Center","Distribution","Chibonzane",120905,1.0,1.0,0.0,-24.6722,34.0692,"","","","","USD","",0.0,2014,"1*Std_RCW50DCCF_S+1*outreach_truck",""
"Health Center","Administration","Chibonzane_clinic",320905,1.0,1.0,1.0,-24.6722,34.0692,325,183,338,434,"USD",347,0.0,2014,"",""
"OutreachClinic","Administration","Chibonzane_outreach",1120905,1.0,25.0,40.0,0.0,0.0,33,19,34,43,"USD",35,0.0,2014,"4*CB_RCB444LA",""
"Health Center","Distribution","Chicavane",120906,1.0,1.0,1.0,-24.8011,33.8158,141,80,147,188,"USD",151,0.0,2014,"1*Std_RCW50DCCF_S+1*outreach_truck",""
"OutreachClinic","Administration","Chicavane_outreach",1120906,1.0,25.0,60.0,0.0,0.0,22,12,22,29,"USD",23,0.0,2014,"4*CB_RCB444LA",""
"Health Center","Distribution","Chidenguele",120907,1.0,1.0,0.0,-24.9206,34.1911,"","","","","USD","",0.0,2014,"1*Std_RCW50EK_KE_chain+1*outreach_truck",""
"Health Center","Administration","Chidenguele_clinic",320907,1.0,1.0,1.0,-24.9206,34.1911,727,411,757,971,"USD",777,0.0,2014,"",""
"OutreachClinic","Administration","Chidenguele_outreach",1120907,1.0,25.0,120.0,0.0,0.0,12,7,12,15,"USD",12,0.0,2014,"4*CB_RCB444LA",""
"Health Center","Distribution","Cucuine",120908,1.0,1.0,0.0,-24.8831,33.9781,"","","","","USD","",0.0,2014,"1*Std_RCW42EKCF_KE_chain+1*outreach_truck",""
"Health Center","Administration","Cucuine_clinic",320908,1.0,1.0,1.0,-24.8831,33.9781,277,157,289,371,"USD",296,0.0,2014,"",""
"OutreachClinic","Administration","Cucuine_outreach",1120908,1.0,25.0,240.0,0.0,0.0,6,3,6,7,"USD",6,0.0,2014,"4*CB_RCB444LA",""
"Health Center","Distribution","Denguine",120909,1.0,1.0,1.0,-24.8597,34.4117,360,203,374,479,"USD",384,0.0,2014,"1*Std_RCW50DCCF_S+1*outreach_truck",""
"OutreachClinic","Administration","Denguine_outreach",1120909,1.0,25.0,240.0,0.0,0.0,2,1,2,3,"USD",2,0.0,2014,"4*CB_RCB444LA",""
"Health Center","Distribution","Incadine",120910,1.0,1.0,0.0,-24.9108,34.0406,"","","","","USD","",0.0,2014,"1*Std_RCW42EKCF_KE_chain+1*outreach_truck",""
"Health Center","Administration","Incadine_clinic",320910,1.0,1.0,1.0,-24.9108,34.0406,271,152,282,362,"USD",289,0.0,2014,"",""
"OutreachClinic","Administration","Incadine_outreach",1120910,1.0,25.0,240.0,0.0,0.0,4,3,4,5,"USD",4,0.0,2014,"4*CB_RCB444LA",""
"Health Center","Distribution","Laranjeiras",120911,1.0,1.0,1.0,-24.5753,33.9153,206,116,214,275,"USD",220,0.0,2014,"1*Std_RCW50EGCF_GE_chain+1*outreach_truck",""
"OutreachClinic","Administration","Laranjeiras_outreach",1120911,1.0,25.0,120.0,0.0,0.0,8,5,9,11,"USD",9,0.0,2014,"4*CB_RCB444LA",""
"Health Center","Distribution","Macasselane",120912,1.0,1.0,1.0,-24.6858,33.9664,253,142,263,338,"USD",270,0.0,2014,"1*Std_RCW50DCCF_S+1*outreach_truck",""
"OutreachClinic","Administration","Macasselane_outreach",1120912,1.0,25.0,48.0,0.0,0.0,24,14,25,31,"USD",25,0.0,2014,"4*CB_RCB444LA",""
"Health Center","Distribution","Macuacua",120913,1.0,1.0,1.0,-24.4889,33.9569,300,169,312,400,"USD",321,0.0,2014,"1*Std_RCW50AC_E+1*outreach_truck",""
"OutreachClinic","Administration","Macuacua_outreach",1120913,1.0,25.0,60.0,0.0,0.0,21,12,22,28,"USD",22,0.0,2014,"4*CB_RCB444LA",""
"Health Center","Distribution","Macupulane",120914,1.0,1.0,0.0,-24.8072,33.9817,"","","","","USD","",0.0,2014,"1*Std_RCW50DCCF_S+1*outreach_truck",""
"Health Center","Administration","Macupulane_clinic",320914,1.0,1.0,1.0,-24.8072,33.9817,293,165,305,390,"USD",312,0.0,2014,"",""
"OutreachClinic","Administration","Macupulane_outreach",1120914,1.0,25.0,40.0,0.0,0.0,29,17,30,39,"USD",31,0.0,2014,"4*CB_RCB444LA",""
"Health Center","Distribution","Matsinhane",120916,1.0,1.0,0.0,-24.7547,34.0256,"","","","","USD","",0.0,2014,"1*Std_RCW50EK_KE_chain+1*outreach_truck",""
"Health Center","Administration","Matsinhane_clinic",320916,1.0,1.0,1.0,-24.7547,34.0256,315,178,329,421,"USD",336,0.0,2014,"",""
"OutreachClinic","Administration","Matsinhane_outreach",1120916,1.0,25.0,120.0,0.0,0.0,10,6,10,13,"USD",11,0.0,2014,"4*CB_RCB444LA",""
"Health Center","Administration","Mausse",120917,1.0,1.0,1.0,-24.6756,33.9258,238,134,247,317,"USD",254,0.0,2014,"1*Std_RCW50DCCF_S",""
"Health Center","Distribution","Mussavelene",120918,1.0,1.0,1.0,-24.8881,34.315,174,98,181,232,"USD",186,0.0,2014,"1*Std_RCW50DCCF_S+1*outreach_truck",""
"OutreachClinic","Administration","Mussavelene_outreach",1120918,1.0,25.0,40.0,0.0,0.0,30,17,31,40,"USD",32,0.0,2014,"4*CB_RCB444LA",""
"Health Center","Administration","Muzamane",120919,1.0,1.0,1.0,-24.7133,33.8838,246,139,256,329,"USD",263,0.0,2014,"1*Std_RCW50AC_E",""
"Health Center","Distribution","Tavane",120920,1.0,1.0,0.0,-24.5869,34.0697,"","","","","USD","",0.0,2014,"1*Std_RCW50DCCF_S+1*outreach_truck",""
"Health Center","Administration","Tavane_clinic",320920,1.0,1.0,1.0,-24.5869,34.0697,350,197,364,467,"USD",374,0.0,2014,"",""
"OutreachClinic","Administration","Tavane_outreach",1120920,1.0,25.0,80.0,0.0,0.0,15,9,16,20,"USD",16,0.0,2014,"4*CB_RCB444LA",""
"District","Distribution","Massangena Distrito",121000,1.0,0.0,0.0,-21.5839,32.9375,"","","","","USD","",0.0,2014,"1*Std_RCW50DCCF_S+1*TCW1990_E+1*truck_district+1*motorbike+1*outreach_truck",""
"Health Center","Distribution","Mucambene",121001,1.0,1.0,0.0,-21.55,32.8117,"","","","","USD","",0.0,2014,"1*Std_RCW50DCCF_S+1*outreach_truck",""
"Health Center","Administration","Mucambene_clinic",321001,1.0,1.0,1.0,-21.55,32.8117,138,77,142,183,"USD",146,0.0,2014,"",""
"OutreachClinic","Administration","Mucambene_outreach",1121001,1.0,30.0,30.0,0.0,0.0,4,3,5,6,"USD",5,0.0,2014,"4*CB_RCB444LA",""
"Health Center","Distribution","Mavu?",121002,1.0,1.0,0.0,-23.9192,32.0303,"","","","","USD","",0.0,2014,"1*Std_RCW50EGCF_GE_chain+1*outreach_truck",""
"Health Center","Administration","Mavu?_clinic",321002,1.0,1.0,1.0,-23.9192,32.0303,121,69,126,162,"USD",130,0.0,2014,"",""
"OutreachClinic","Administration","Mavu?_outreach",1121002,1.0,30.0,30.0,0.0,0.0,4,2,4,5,"USD",4,0.0,2014,"4*CB_RCB444LA",""
"Health Center","Administration","Massangena Sede",121003,1.0,1.0,1.0,-21.5839,32.9375,392,221,409,523,"USD",418,0.0,2014,"",""
"OutreachClinic","Administration","Massangena Sede_outreach",1121003,1.0,30.0,10.0,0.0,0.0,12,7,12,16,"USD",13,0.0,2014,"4*CB_RCB444LA",""
"Health Center","Distribution","Zulo",121101,1.0,1.0,0.0,-24.0314,32.4344,"","","","","USD","",0.0,2014,"1*Std_RCW50DCCF_S",""
"Health Center","Administration","Zulo_clinic",321101,1.0,1.0,1.0,-24.0314,32.4344,87,49,91,117,"USD",93,0.0,2014,"",""
"Health Center","Administration","Cubo Massingir",121102,1.0,1.0,1.0,-23.9192,32.0303,72,41,75,96,"USD",77,0.0,2014,"1*Std_RCW50DCCF_S",""
"Health Center","Distribution","Chibotane",121105,1.0,1.0,0.0,-23.8564,32.2242,"","","","","USD","",0.0,2014,"1*Std_RCW50DCCF_S+1*outreach_truck",""
"Health Center","Administration","Chibotane_clinic",321105,1.0,1.0,1.0,-23.8564,32.2242,124,70,129,166,"USD",133,0.0,2014,"",""
"OutreachClinic","Administration","Chibotane_outreach",1121105,1.0,25.0,40.0,0.0,0.0,16,9,17,21,"USD",17,0.0,2014,"4*CB_RCB444LA",""
"Health Center","Distribution","Mavodze",121106,1.0,1.0,0.0,-23.8122,32.0439,"","","","","USD","",0.0,2014,"1*Std_RCW50DCCF_S+1*outreach_truck",""
"Health Center","Administration","Mavodze_clinic",321106,1.0,1.0,1.0,-23.8122,32.0439,156,88,162,208,"USD",166,0.0,2014,"",""
"OutreachClinic","Administration","Mavodze_outreach",1121106,1.0,25.0,13.0,0.0,0.0,48,27,50,64,"USD",51,0.0,2014,"4*CB_RCB444LA",""
"Health Center","Distribution","Mucatine",121107,1.0,1.0,0.0,-24.1675,32.4961,"","","","","USD","",0.0,2014,"1*Std_RCW50DCCF_S+1*outreach_truck",""
"Health Center","Administration","Mucatine_clinic",321107,1.0,1.0,1.0,-24.1675,32.4961,140,79,145,187,"USD",149,0.0,2014,"",""
"OutreachClinic","Administration","Mucatine_outreach",1121107,1.0,25.0,40.0,0.0,0.0,15,9,16,20,"USD",16,0.0,2014,"4*CB_RCB444LA",""
"Health Center","Distribution","Massingir Sede",121108,1.0,1.0,0.0,-23.9186,32.1625,"","","","","USD","",0.0,2014,"1*Std_RCW50EGCF_GE_chain+1*Std_RCW50AC_E+1*outreach_truck",""
"Health Center","Distribution","Macaringue",121103,1.0,1.0,1.0,-24.123,32.59242,"","","","","USD","",0.0,2014,"1*CB_RCB444LA+1*CB_1week_pickup+1*outreach_truck",""
"Health Center","Administration","Macaringue_clinic",321103,1.0,1.0,1.0,-24.123,32.59242,200,114,209,268,"USD",214,0.0,2014,"",""
"OutreachClinic","Administration","Macaringue_outreach",1121103,1.0,25.0,120.0,0.0,0.0,4,2,4,5,"USD",4,0.0,2014,"4*CB_RCB444LA",""
"Health Center","Distribution","Machamba",121104,1.0,1.0,0.0,-23.5619,31.92,"","","","","USD","",0.0,2014,"1*CB_RCB444LA+1*CB_1week_pickup+1*outreach_truck",""
"Health Center","Administration","Machamba_clinic",321104,1.0,1.0,1.0,-23.5619,31.92,11,6,11,15,"USD",12,0.0,2014,"",""
"OutreachClinic","Administration","Machamba_outreach",1121104,1.0,25.0,15.0,0.0,0.0,39,22,41,52,"USD",42,0.0,2014,"4*CB_RCB444LA",""
"Health Center","Administration","Massingir Sede_clinic",321108,1.0,1.0,1.0,-23.9186,32.1625,361,204,376,482,"USD",385,0.0,2014,"",""
"OutreachClinic","Administration","Massingir Sede_outreach",1121108,1.0,25.0,48.0,0.0,0.0,14,8,14,18,"USD",15,0.0,2014,"4*CB_RCB444LA",""
"Health Center","Administration","Banhine",121201,1.0,1.0,1.0,-25.1525,33.4853,420,238,437,561,"USD",449,0.0,2014,"1*Std_RCW50DCCF_S",""
"Health Center","Administration","Bungane",121202,1.0,1.0,1.0,-24.8544,33.6919,450,254,469,601,"USD",481,0.0,2014,"1*CF491S_S",""
"Health Center","Administration","Chilaulene",121203,1.0,1.0,1.0,-25.1272,33.555,220,125,229,294,"USD",235,0.0,2014,"1*Std_RCW50DCCF_S",""
"Health Center","Distribution","Chipenhe",121204,1.0,1.0,1.0,-24.9425,33.4456,928,524,966,1238,"USD",990,0.0,2014,"1*Std_RCW42EKCF_KE_chain+1*outreach_truck",""
"OutreachClinic","Administration","Chipenhe_outreach",1121204,1.0,14.0,16.0,0.0,0.0,60,34,62,80,"USD",64,0.0,2014,"4*CB_RCB444LA",""
"Health Center","Distribution","Chongoene",121205,1.0,1.0,0.0,-25.008374,33.789932,"","","","","USD","",0.0,2014,"1*Std_RCW42EKCF_KE_chain+1*outreach_truck",""
"Health Center","Administration","Chongoene_clinic",321205,1.0,1.0,1.0,-25.008374,33.789932,678,383,706,905,"USD",724,0.0,2014,"",""
"OutreachClinic","Administration","Chongoene_outreach",1121205,1.0,14.0,240.0,0.0,0.0,6,4,6,8,"USD",6,0.0,2014,"4*CB_RCB444LA",""
"Health Center","Distribution","Julius Nyerere",121206,1.0,1.0,1.0,-24.8747,33.5089,1098,621,1143,1465,"USD",1172,0.0,2014,"1*Std_RCW50EK_KE_chain+1*outreach_truck",""
"OutreachClinic","Administration","Julius Nyerere_outreach",1121206,1.0,14.0,240.0,0.0,0.0,4,2,4,5,"USD",4,0.0,2014,"4*CB_RCB444LA",""
"Health Center","Distribution","Maciene",121207,1.0,1.0,1.0,-25.066667,33.858333,277,157,288,369,"USD",296,0.0,2014,"1*Std_RCW50AC_E+1*outreach_truck",""
"OutreachClinic","Administration","Maciene_outreach",1121207,1.0,14.0,240.0,0.0,0.0,2,1,2,3,"USD",2,0.0,2014,"4*CB_RCB444LA",""
"Health Center","Administration","Ndambine",121208,1.0,1.0,1.0,-25.0269,33.7081,634,358,659,845,"USD",676,0.0,2014,"1*Std_RCW42EKCF_KE_chain",""
"Health Center","Distribution","Nhacutse",121209,1.0,1.0,1.0,-24.8922,33.7306,989,559,1029,1319,"USD",1056,0.0,2014,"1*Std_RCW42EKCF_KE_chain+1*Std_RCW50DCCF_S+1*outreach_truck",""
"OutreachClinic","Administration","Nhacutse_outreach",1121209,1.0,14.0,240.0,0.0,0.0,5,3,5,7,"USD",5,0.0,2014,"4*CB_RCB444LA",""
"Health Center","Distribution","Nhamavila",121210,1.0,1.0,1.0,-24.9942,33.9328,436,246,454,582,"USD",465,0.0,2014,"1*Std_RCW50DCCF_S+1*outreach_truck",""
"OutreachClinic","Administration","Nhamavila_outreach",1121210,1.0,14.0,48.0,0.0,0.0,20,12,21,27,"USD",22,0.0,2014,"4*CB_RCB444LA",""
"Health Center","Distribution","Chicumbane Sede",121211,1.0,1.0,0.0,-24.9944,33.5506,"","","","","USD","",0.0,2014,"1*TCW3000_E+1*Std_RCW50AC_E+1*Std_RCW42EKCF_KE_chain",""
"Health Center","Administration","Chicumbane Sede_clinic",321211,1.0,1.0,1.0,-24.9944,33.5506,1520,859,1582,2028,"USD",1622,0.0,2014,"",""
"Health Center","Distribution","Siaia",121212,1.0,1.0,1.0,-24.964,33.7834,331,187,344,441,"USD",353,0.0,2014,"1*Std_RCW50EK_KE_chain+1*outreach_truck",""
"OutreachClinic","Administration","Siaia_outreach",1121212,1.0,14.0,80.0,0.0,0.0,10,6,11,14,"USD",11,0.0,2014,"4*CB_RCB444LA",""
"Health Center","Administration","Vladimir Lenine",121213,1.0,1.0,1.0,-25.0314,33.485,251,142,262,335,"USD",268,0.0,2014,"1*Std_RCW50DCCF_S",""
"Health Center","Administration","Zimilene",121214,1.0,1.0,1.0,-25.135,33.5864,168,95,175,224,"USD",179,0.0,2014,"1*Std_RCW50DCCF_S",""
"Health Center","Distribution","Zongoene",121215,1.0,1.0,0.0,-25.1525,33.4853,"","","","","USD","",0.0,2014,"1*Std_RCW50DCCF_S+1*outreach_truck",""
"Health Center","Administration","Zongoene_clinic",321215,1.0,1.0,1.0,-25.1525,33.4853,770,435,802,1028,"USD",822,0.0,2014,"",""
"OutreachClinic","Administration","Zongoene_outreach",1121215,1.0,14.0,80.0,0.0,0.0,10,6,10,13,"USD",11,0.0,2014,"4*CB_RCB444LA",""
"Health Center","Administration","Macia us da Sede_stop",220108,1.0,10000.0,10000.0,-25.0297,33.3628,"","","","","USD","",0.0,2014,"1*proxy",""
"Health Center","Administration","Chibuto_stop",220205,1.0,10000.0,10000.0,-24.6894,33.5328,"","","","","USD","",0.0,2014,"1*proxy",""
"Health Center","Administration","Ch?kw? Sede_stop",220501,1.0,10000.0,10000.0,-24.527439,33.005138,"","","","","USD","",0.0,2014,"1*proxy",""
"Health Center","Administration","Guij? Sede_stop",220708,1.0,10000.0,10000.0,-24.4992,33.0144,"","","","","USD","",0.0,2014,"1*proxy",""
"Health Center","Administration","H Rural_stop",220901,1.0,10000.0,10000.0,-24.7122,33.8861,"","","","","USD","",0.0,2014,"1*proxy",""
"Health Center","Administration","Massingir Sede_stop",221108,1.0,10000.0,10000.0,-23.9186,32.1625,"","","","","USD","",0.0,2014,"1*proxy",""
"Health Center","Administration","Chicumbane Sede_stop",221211,1.0,10000.0,10000.0,-24.9944,33.5506,"","","","","USD","",0.0,2014,"1*proxy",""
"Province","Surrogate","Other Province Stores",130000,1.0,4.0,60.0,0.0,0.0,886538,500982,922495,1182677,"USD",946143,0.0,2014,"",""
