"DisplayName","Price Year","LifetimeRoomTempMonths","Vaccine presentation","Packed vol/dose(cc) of diluent","Packed vol/dose(cc) of vaccine","RandomKey","Price Units","LifetimeOpenMonths","Manufacturer","Name","Secondary Packaging","Notes","link","Requires","Vaccine price/dose","Doses per vial","Method of administration","Doses/person","Vaccine price/vial","Abbreviation","LifetimeFreezerMonths","LifetimeCoolerMonths"
"Gardasil HPV 1 Dose","",0.001,"Liquid",0.0,75.0,10115,"USD",0.01,"Merck","HPV_Merck_1Carton_1Dose","1 Vial Carton","","","","",1,"",1,"","HPV",0.002,36.0
"DTP Hib Generic 10 Dose","",0.001,"Liquid",0.0,12.0,10037,"USD",1.0,"WHO Shipping Guidelines","DTPHib_WHO_Shipping_Guide_10Dose","1 Vial","","","","",10,"",1,"","DTP-Hib",0.002,24.0
"Celtura Influenza A 17 Dose","",0.001,"Liquid",0.0,1.8,10128,"USD",0.01,"Novartis","InfluenzaA_Novartis_17Dose","10 Vial Carton","","","","",17,"",1,"","H1N1",0.002,6.0
"Measles Vaccine Generic 10 Dose","",0.001,"Lyophilized + Water For Injection Diluent",4.0,3.5,10141,"USD",0.01,"WHO Shipping Guidelines","Measles_WHO_Shipping_Guide_10Dose","1 Vial","","","","",10,"",1,"","M",0.002,24.0
"GC FLU Multi Inj Seasonal Influenza 1 Dose","",0.001,"Liquid",0.0,34.4,10118,"USD",0.01,"Green Cross Corporation","SeasFlu_GreenCross_1Dose","1 Vial Carton","","","","",1,"",1,"","inf",0.002,12.0
"D.T. COQ/D.T.P. 1 Dose","",0.001,"Liquid",0.0,20.5,10031,"USD",1.0,"Sanofi Pasteur","DTP_Sanofi_1Dose","20 Ampoule Carton","","","","",1,"",1,"","DTP",0.002,36.0
"Measles and Rubella 10 Dose","",0.001,"Lyophilized + Water For Injection Diluent",2.611,2.61,10151,"USD",0.01,"Serum Institute of India","MR_SerumIndia_10Dose","50 Vial Carton + 50 Ampoule Diluent Carton","","","","",10,"",1,"","MR",0.002,24.0
"PCV10 GSK 2 Dose","",0.001,"Liquid",0.0,4.8,10175,"USD",0.01,"GSK","PCV10_GSK_2Dose","100 Vial Carton","","","","",2,"",1,"","PCV10",0.002,36.0
"HepB WHO Shipping Guildelines 1 Dose","",0.001,"Liquid",0.0,18.0,10084,"USD",0.01,"WHO Shipping Guidelines","HepB_WHO_Shipping_Guide_1Dose","1 Vial","","","","",1,"",1,"","HepB",0.002,36.0
"Synflorix PCV10 1 Dose","",0.001,"Liquid",0.0,11.5,10173,"USD",0.01,"GSK","PCV10_GSK_10Carton_1Dose","10 Vial Carton","","","","",1,"",1,"","PCV10",0.002,36.0
"DTP Whole Cell 10 Dose","",0.001,"Liquid",0.0,2.08,10030,"USD",1.0,"Bio Farma","DTP_BioFarma_10Dose","10 Vial Carton","","","","",10,"",1,"","DTP",0.002,24.0
"Hepavax-Gen HebB 1 Dose","",0.001,"Liquid",0.0,3.66,10091,"USD",1.0,"Berna Biotech Korea: Crucell","HepB_Crucell_10Dose","20 Vial Carton","","","","",10,"",1,"","HepB",0.002,36.0
"Lyssavac-N Rabies 1 Dose","",0.001,"Lyophilized + Water For Injection Diluent",20.1,20.09,10216,"USD",0.01,"Novartis","Rabies_ZydusCadila_1Dose","1 Vial Carton With Diluent Ampoule","","","","",1,"",1,"","RAB",0.002,24.0
"Tetatox TT 10 Dose","",0.001,"Liquid",0.0,4.13,10234,"USD",1.0,"BB-NCIPD Ltd.","Tetanus_Toxoid_BBNCIPD_20Dose","10 Vial Carton","","","","",10,"",1,"","TT",0.002,36.0
"DT Generic 10 Dose","",0.001,"Liquid",0.0,3.0,10012,"USD",1.0,"WHO Shipping Guidelines","DT_WHO_Shipping_Guide_10Dose","Generic","","","","",10,"",1,"","dT",0.002,36.0
"MMR Generic 10 Dose","",0.001,"Lyophilized + Wfi Diluent",4.0,3.0,10156,"USD",0.01,"WHO Shipping Guidelines","MMR_WHO_Shipping_Guide_10Dose","1 Vial","","","","",10,"",1,"","MMR",0.002,24.0
"DTP Hib Generic 1 Dose","",0.001,"Liquid",0.0,45.0,10036,"USD",0.01,"WHO Shipping Guidelines","DTPHib_WHO_Shipping_Guide_1Dose","1 Vial","","","","",1,"",1,"","DTP-Hib",0.002,24.0
"Rotarix Applicator 1 Dose","",0.001,"Lyophilized + Diluent",0.0,85.3,10220,"USD",0.01,"GSK","Rotavirus_GSK_10Applicator_1Dose","10 Applicator Carton","","","","",1,"",1,"","RV",0.002,36.0
"IPV Sanofi 10 Dose","",0.001,"Liquid",0.0,2.46,10180,"USD",0.01,"Sanofi Pasteur","IPV_Sanofi_10Dose_v2","10 Vial Carton","","","","",10,"",1,"","IPV",0.002,36.0
"Yellow Fever 2 Dose","",0.001,"Lyophilized",7.0,7.2,10258,"USD",0.01,"Institute Poliomyelitis and Viral Encephalitides","YellowFever_InstPoliomyelitis_2Dose","10 Ampoule Carton + 10 Ampoule Diluent Carton","","","","",2,"",1,"","YF",0.002,24.0
"DTP HepB Hib Generic 2 Dose","",0.001,"Liquid",0.0,11.0,10050,"USD",0.01,"WHO Shipping Guidelines","DTPHepBHib_WHO_Shipping_Guide_2Dose","1 Vial","","","","",2,"",1,"","DTP-HepB-Hib",0.002,36.0
"OPV Bivalent Types 1 and 3 20 Dose","",0.001,"Liquid",0.0,0.48,10188,"USD",1.0,"GSK","OPV13_GSK_20Dose","100 Vial Carton","","","","",20,"",1,"","OPV",24.0,6.0
"Quinvaxem Pentavalent  1 Dose (Crucell / Green Cross Corp.)","",0.001,"Liquid",0.0,13.14,10052,"USD",0.01,"3mL","DTPHepBHib_Crucell_3mL_1Dose","50 Vial Carton","","","","",1,"",1,"","DTP-HepB-Hib",0.002,36.0
"Diptheria-Tetanus Adult 10 Dose","",0.001,"Liquid",0.0,2.23,10023,"USD",1.0,"Bio Farma","DT_BioFarma_Adult_10Dose","10 Vial Carton","","","","",10,"",1,"","dT",0.002,24.0
"DTP Adsorbed 20 Dose","",0.001,"Liquid",0.0,2.433,10035,"USD",1.0,"Serum Institute of India","DTP_SerumIndia_20Dose","25 Vial Carton","","","","",20,"",1,"","DTP",0.002,24.0
"Panvax Influenza A 10 Dose","",0.001,"Liquid",0.0,3.0,10124,"USD",0.01,"CSL Limited","InfluenzaA_CSL_10Dose","10 Vial Carton","","","","",10,"",1,"","H1N1",0.002,18.0
"NASOVAC Influenza A 1 Dose","",0.001,"Liquid",23.9,22.18,10135,"USD",0.01,"Serum Institute of India","InfluenzaA_SerumIndia_1Dose","50 Vial Carton + 50 Vial Diluent Carton","","","","",1,"",1,"","H1N1",0.002,9.0
"OPV Trivalent 20 Dose","",0.001,"Liquid",0.0,1.0,10206,"USD",1.0,"Haffikine Bio Pharmaceutical Corp","OPV123_Haffikine_20Dose","50 Vial Carton","","","","",20,"",1,"","OPV",24.0,6.0
"Havrix? 720 Junior 1 Dose","",0.001,"Liquid",0.0,11.3,10078,"USD",0.01,"GSK","HepA_GSK_25Carton_1Dose","25 Vial Carton","","","","",1,"",1,"","HepA",0.002,36.0
"ShanTT TT 10 Dose","",0.001,"Liquid",0.0,4.36,10246,"USD",1.0,"Shantha Biotechnics Private Ltd.","Tetanus_Toxoid_Shantha_10Dose","30 Vial Carton","","","","",10,"",1,"","TT",0.002,36.0
"Prevenar PCV7 1 Dose","",0.001,"Liquid",0.0,21.0,10176,"USD",0.01,"Wyeth","PCV7_Wyeth_1Dose","5 Vial Carton","","","","",1,"",1,"","PCV7",0.002,24.0
"OPV Bivalent Types 1 and 3 20 Dose","",0.001,"Liquid",0.0,1.0,10189,"USD",1.0,"Haffikine Bio Pharmaceutical Corp","OPV13_Haffikine_20Dose","50 Vial Carton","","","","",20,"",1,"","OPV",24.0,6.0
"DTP-HepB-Hib Lyophilised 2 Dose","",0.001,"Liquid + Lyophilized",0.0,19.6,10063,"USD",0.01,"Serum Institute of India","DTPHepBHib_SerumIndia_Lyo_2Dose","Carton (Containing 200 Vials Of Hib Component And 200 Vials Of Dtpw-Hebb Component)","","","","",2,"",1,"","DTP-HepB-Hib",0.002,24.0
"DT Adult 10 Dose","",0.001,"Liquid",0.0,2.611,10026,"USD",1.0,"Serum Institute of India","DT_SerumIndia_Adult_10Dose","50 Vial Carton","","","","",10,"",1,"","dT",0.002,36.0
"Dukoral: Inactivated Oral Cholera","",0.001,"Liquid",0.0,136.0,10008,"USD",0.01,"Crucell Sweden AB","Cholera_Crucell_2Carton1Dose","2 Dose Carton","This is for the one dose carton only, (in 1 dose carton: 271,in 2 dose carton: 136,in 20 dose carton : 44, in 170 dose carton : 24.4)","","","",1,"",1,"","OCV",0.002,36.0
"Euvax B HebB 10 Dose","",0.001,"Liquid",0.0,2.8,10099,"USD",0.01,"LG Life Sciences Ltd.","HepB_LG_50Carton_10Dose","50 Vial Carton","","","","",2,"",1,"","HebB",0.002,36.0
"Tetanus Toxoid Generic 20 Dose","",0.001,"Liquid",0.0,2.5,10233,"USD",1.0,"WHO Shipping Guidelines","Tetanus_Toxoid_WHO_Shipping_Guide_20Dose","1 Vial","","","","",20,"",1,"","TT",0.002,36.0
"Measles and Rubella 2 Dose","",0.001,"Lyophilized + Water For Injection Diluent",13.1,13.1,10153,"USD",0.01,"Serum Institute of India","MR_SerumIndia_2Dose","50 Vial Carton + 50 Ampoule Diluent Carton","","","","",2,"",1,"","MR",0.002,24.0
"TETRAct-HIB DTPHib 1 Dose","",0.001,"Liquid + Lyophilized",0.0,44.72,10040,"USD",0.01,"Sanofi Pasteur","DTPHib_Sanofi_1Dose","10 Vials 1 Dose (Dtp) + 10 Ampoules 1 Dose (Hib)","No longer Produced","","","",1,"",1,"","DTP-Hib",0.002,36.0
"Tetanus Toxoid 10 Dose","",0.001,"Liquid",0.0,2.1,10237,"USD",1.0,"Bio Farma","Tetanus_Toxoid_BioFarma_10Dose","10 Vial Carton","","","","",10,"",1,"","TT",0.002,24.0
"Euvax B HebB 6 Dose","",0.001,"Liquid",0.0,4.66,10097,"USD",1.0,"LG Life Sciences Ltd.","HepB_LG_6Dose","10 Vial Carton","","","","",2,"",1,"","HebB",0.002,36.0
"Euvax B HebB 2 Dose","",0.001,"Liquid",0.0,7.2,10096,"USD",1.0,"LG Life Sciences Ltd.","HepB_LG_2Dose","10 Vial Carton","","","","",2,"",1,"","HebB",0.002,36.0
"DTP-HepB Vaccine Adsorbed 20 Dose","",0.001,"Liquid",0.0,2.433,10046,"USD",1.0,"Serum Institute of India","DTPHepB_SerumIndia_20Dose","25 Vial Carton","","","","",20,"",1,"","DTP-HepB",0.002,24.0
"DTP-HepB Vaccine Adsorbed 10 Dose","",0.001,"Liquid",0.0,2.611,10047,"USD",1.0,"Serum Institute of India","DTPHepB_SerumIndia_10Dose","50 Vial Carton","","","","",20,"",1,"","DTP-HepB",0.002,24.0
"DT VAX: Diptheria-Tetanus 10 Dose","",0.001,"Liquid",0.0,2.46,10017,"USD",1.0,"Sanofi Pasteur","DT_Sanofi_10Dose","1 Vial","","","","",10,"",1,"","dT",0.002,36.0
"OPV Monovalent Type 1 20 Dose","",0.001,"Liquid",0.0,0.7,10197,"USD",1.0,"Novartis","OPV1_Novartis_20Dose","100 Vial Carton","","","","",20,"",1,"","OPV",24.0,6.0
"Rubella 5 Dose","",0.001,"Lyophilized + Water For Injection Diluent",5.22,5.22,10228,"USD",0.01,"Serum Institute of India","Rubella_SerumIndia_5Dose","50 Vial Carton + 50 Ampoule Carton Of Diluent","","","","",5,"",1,"","R",0.002,24.0
"Yellow Fever 10 Dose","",0.001,"Lyophilized",3.6,3.6,10260,"USD",0.01,"Institute Poliomyelitis and Viral Encephalitides","YellowFever_InstPoliomyelitis_10Dose","10 Ampoule Carton + 10 Ampoule Diluent Carton","","","","",10,"",1,"","YF",0.002,24.0
"OPV Bivalent Types 1 and 3 10 Dose","",0.001,"Liquid",0.0,0.97,10187,"USD",1.0,"GSK","OPV13_GSK_10Dose","100 Vial Carton","","","","",10,"",1,"","OPV",24.0,6.0
"Havrix? 720 Adult 1 Dose","",0.001,"Liquid",0.0,9.6,10083,"USD",0.01,"GSK","HepA_Adult_GSK_100Carton_1Dose","100 Vial Carton","","","","",1,"",1,"","HepA",0.002,36.0
"MMR 2 Dose","",0.001,"Lyophilized + Water For Injection Diluent",13.1,13.1,10163,"USD",0.01,"Serum Institute of India","MMR_SerumIndia_2Dose","50 Vial Carton + 50 Ampoule Carton Of Diluent","","","","",2,"",1,"","MMR",0.002,24.0
"ROUVAX Measles Vaccine 10 Dose","",0.001,"Lyophilized + Water For Injection (5 Ml) Diluent",4.0,2.46,10145,"USD",0.01,"Sanofi Pasteur","Measles_Sanofi_10Dose","10 Vial Carton + 10 Vial Diluent Carton","","","","",10,"",1,"","M",0.002,36.0
"H1N1 Pandemic Influenza A 1 Dose","",0.001,"Liquid",0.0,18.3,10133,"USD",0.01,"Sanofi Pasteur","InfluenzaA_Sanofi_1Dose","10 Vial Carton","","","","",1,"",1,"","H1N1",0.002,18.0
"OPVERO OPV Trivalent 20 Dose","",0.001,"Liquid",0.0,0.48,10209,"USD",1.0,"Sanofi Pasteur","OPV123_Sanofi_20Dose","10 Vial Carton","","","","",20,"",1,"","OPV",24.0,6.0
"Havrix? 720 Junior 1 Dose","",0.001,"Liquid",0.0,9.6,10079,"USD",0.01,"GSK","HepA_GSK_100Carton_1Dose","100 Vial Carton","","","","",1,"",1,"","HepA",0.002,36.0
"Adsorbed Diptheria-Tetanus 10 Dose","",0.001,"Liquid",0.0,2.1,10016,"USD",1.0,"Bio Farma","DT_BioFarma_10Dose","10 Vial Carton","","","","",10,"",1,"","dT",0.002,24.0
"Havrix? 720 Junior 1 Dose","",0.001,"Liquid",0.0,57.7,10076,"USD",0.01,"GSK","HepA_GSK_1Carton_1Dose","1 Vial Carton","","","","",1,"",1,"","HepA",0.002,36.0
"OPV Monovalent Type 1 20 Dose","",0.001,"Liquid",0.0,0.55,10193,"USD",1.0,"Bio Farma","OPV1_BioFarma_20Dose","50 Vial Carton","","","","",20,"",1,"","OPV",24.0,6.0
"DTPHib 1 Dose","",0.001,"Liquid + Lyophilized",0.0,39.2,10041,"USD",0.01,"Serum Institute of India","DTPHib_SerumIndia_1Dose","Single Dose Carton (Containing 1 Vail Of Hib Component And One Ampoule Of Dtp Component)","","","","",1,"",1,"","DTP-Hib",0.002,24.0
"HPV GSK 2 Dose","",0.001,"Liquid",0.0,4.8,10111,"USD",0.01,"GSK","HPV_GSK_100Carton_2Dose_v2","100 Vial Carton","","","","",2,"",1,"","HPV",0.002,48.0
"Meningoccoccal A+C Generic 20 Dose","",0.001,"Lyophilized + Buffered Saline Solution Diluent",2.5,2.5,10167,"USD",0.01,"WHO Shipping Guidelines","MenAC_WHO_Shipping_Guide_20Dose","1 Vial","","","","",20,"",1,"","MenAC",0.002,24.0
"Cervarix HPV 1 Dose","",0.001,"Liquid",0.0,57.7,10112,"USD",0.01,"GSK","HPV_GSK_1Carton_1Dose","1 Vial Carton","","","","",1,"",1,"","HPV",0.002,36.0
"OPVERO OPV Trivalent 10 Dose","",0.001,"Liquid",0.0,5.6,10207,"USD",1.0,"Sanofi Pasteur","OPV123_Sanofi_1Carton_10Dose","1 Vial Carton","","","","",20,"",1,"","OPV",24.0,6.0
"Boostrix DTP 1 Dose","",0.001,"Liquid",0.0,9.7,10066,"USD",0.01,"GSK","DTP_GSK_1Dose","100 Vial Carton","","","","",1,"",1,"","DTP",0.002,36.0
"IMOVAX: Diptheria-Tetanus Adult 10 Dose","",0.001,"Liquid",0.0,2.46,10024,"USD",1.0,"Sanofi Pasteur","DT_Sanofi_Adult_10Dose","10 Vial Carton","","","","",10,"",1,"","dT",0.002,36.0
"Havrix? 720 Adult 1 Dose","",0.001,"Liquid",0.0,11.5,10081,"USD",0.01,"GSK","HepA_Adult_GSK_10Carton_1Dose","10 Vial Carton","","","","",1,"",1,"","HepA",0.002,36.0
"TT SII 10 Dose","",0.001,"Liquid",0.0,2.61,10245,"USD",1.0,"Serum Institute of India","Tetanus_Toxoid_SerumIndia_10Dose","50 Vial Carton","","","","",10,"",1,"","TT",0.002,36.0
"Panenza Influenza A 10 Dose","",0.001,"Liquid",0.0,3.1,10131,"USD",0.01,"Sanofi Pasteur","InfluenzaA_Panenza_Sanofi_10Dose","10 Vial Carton","","","","",10,"",1,"","H1N1",0.002,12.0
"Yellow Fever 50 Dose","",0.001,"Lyophilized + Water For Injection Diluent",3.0,0.63,10254,"USD",0.01,"Bio-Manguinhos","YellowFever_BioManguinhos_50Dose","50 Vial Carton + 50 Vial Diluent Carton","","","","",50,"",1,"","YF",0.002,24.0
"Cervarix HPV 1 Dose","",0.001,"Liquid",0.0,11.5,10113,"USD",0.01,"GSK","HPV_GSK_10Carton_1Dose","10 Vial Carton","","","","",1,"",1,"","HPV",0.002,36.0
"H1N1 Pandemic Influenza A 10 Dose","",0.001,"Liquid",0.0,5.8,10132,"USD",0.01,"Sanofi Pasteur","InfluenzaA_Sanofi_10Dose","1 Vial Carton","","","","",10,"",1,"","H1N1",0.002,18.0
"Quimi-Hib 1 Dose","",0.001,"Liquid",0.0,5.0,10072,"USD",0.01,"Center for Genetic Eng. And Biotech","Hib_CGEB_1Dose","25 Vial Carton","","","","",1,"",1,"","Hib",0.002,36.0
"Tetadif: Diptheria-Tetanus Adult 10 Dose","",0.001,"Liquid",0.0,4.125,10021,"USD",1.0,"BB-NCIPD Ltd.","DT_BBNCIPD_Adult_10Dose","10 Vial Carton","","","","",10,"",1,"","dT",0.002,36.0
"HepB 1 Dose Uniject","",0.001,"Liquid (Uniject)",0.0,12.0,10092,"USD",0.01,"Bio Farma","HepB_BioFarma_1Dose_Uniject","100 Unifect Device Carton","","","","",1,"",1,"","HepB",0.002,24.0
"Tetatox TT 20 Dose","",0.001,"Liquid",0.0,2.05,10235,"USD",1.0,"BB-NCIPD Ltd.","Tetanus_Toxoid_BBNCIPD_10Dose","10 Vial Carton","","","","",20,"",1,"","TT",0.002,36.0
"RV GSK 1 Dose","",0.001,"Liquid",0.0,17.1,10223,"USD",0.01,"GSK","Rotavirus_GSK_50Tube_1Dose_v2","50 Plastic Tube Carton","","","","",1,"",1,"","RV",0.002,24.0
"Tetadif: Diptheria-Tetanus Adult 20 Dose","",0.001,"Liquid",0.0,2.05,10022,"USD",1.0,"BB-NCIPD Ltd.","DT_BBNCIPD_Adult_20Dose","10 Vial Carton","","","","",20,"",1,"","dT",0.002,36.0
"Cervarix HPV  2 Dose","",0.001,"Liquid",0.0,5.7,10110,"USD",0.01,"GSK","HPV_GSK_10Carton_2Dose","10 Vial Carton","","","","",2,"",1,"","HPV",0.002,36.0
"BCG 20 Dose","",0.001,"Lyophilized + 0.9% Sodium Chloride Diluent",1.13,1.125,10003,"USD",0.01,"BB-NCIPD Ltd.","BCG_BBNCIPD_20Dose","Boxes Of 20 Vials Of 20-Doses Of Vaccine + Diluents","","","","",20,"",1,"","BCG",0.002,36.0
"IPV Vaccine SSI 1 Dose","",0.001,"Liquid",0.0,26.8,10182,"USD",0.01,"Statens","IPV_Statens_10Carton_1Dose","10 Vial Carton","","","","",1,"",1,"","IPV",0.002,18.0
"Euforvac-Hib Inj. DTP-HepB-Hib 1 Dose","",0.001,"Liquid + Lyophilized",0.0,87.2,10058,"USD",0.01,"LG Life Sciences Ltd.","DTPHepBHib_LG_1Carton_1Dose","Carton (Containing 1 Vial Of Hib Component And 1 Vial Of Dtpw-Hepb Component)","","","","",1,"",1,"","DTP-HepB-Hib",0.002,36.0
"OPV Bivalent Types 1 and 3 20 Dose","",0.001,"Liquid",0.0,1.11,10192,"USD",1.0,"Serum Institute of India","OPV13_SerumIndia_20Dose","50 Vial Carton","","","","",20,"",1,"","OPV",24.0,6.0
"Meningoccoccal A+C Generic 50 Dose","",0.001,"Lyophilized + Buffered Saline Solution Diluent",1.5,1.5,10168,"USD",0.01,"WHO Shipping Guidelines","MenAC_WHO_Shipping_Guide_50Dose","1 Vial","","","","",50,"",1,"","MenAC",0.002,24.0
"OPV Trivalent 20 Dose","",0.001,"Liquid",0.0,0.24,10204,"USD",1.0,"Bio Farma","OPV123_BioFarma_20Dose","50 Vial Carton","","","","",20,"",1,"","OPV",24.0,6.0
"DTP Adsorbed 1 Dose","",0.001,"Liquid",0.0,15.715,10033,"USD",1.0,"Serum Institute of India","DTP_SerumIndia_1Dose","50 Ampoule Carton","","","","",1,"",1,"","DTP",0.002,24.0
"OPV WHO 10 Dose","",0.001,"Liquid",0.0,2.0,10184,"USD",1.0,"WHO Shipping Guidelines","OPV_WHO_Shipping_Guide_10Dose_v2","1 Vial","Biofarma or Sanofi Pasteur","","","",10,"",1,"","OPV",36.0,6.0
"Rotarix Tube 1 Dose","",0.001,"Lyophilized + Diluent",0.0,115.3,10221,"USD",0.01,"GSK","Rotavirus_GSK_1Tube_1Dose","1 Plastic Tube Carton","","","","",1,"",1,"","RV",0.002,36.0
"DT 10 Dose","",0.001,"Liquid",0.0,2.611,10019,"USD",1.0,"Serum Institute of India","DT_SerumIndia_10Dose","Carton Of 50 Vials","","","","",10,"",1,"","dT",0.002,36.0
"Shanvac-B HebB Pediatric 1 Dose","",0.001,"Liquid",0.0,16.8,10106,"USD",0.01,"Shantha Biotechnics Private Ltd.","HepB_Shantha_Pediatric_1Dose","35 Vial Carton","","","","",1,"",1,"","HepB",0.002,36.0
"Cervarix HPV 1 Dose","",0.001,"Liquid",0.0,9.7,10114,"USD",0.01,"GSK","HPV_GSK_100Carton_1Dose","100 Vial Carton","","","","",1,"",1,"","HPV",0.002,36.0
"DTP - HepB Generic 10 Dose","",0.001,"Liquid",0.0,3.0,10043,"USD",1.0,"WHO Shipping Guidelines","DTPHepB_WHO_Shipping_Guide_10Dose","1 Vial","","","","",10,"",1,"","DTP-HepB",0.002,24.0
"Rotarix Tube 1 Dose","",0.001,"Lyophilized + Diluent",0.0,17.1,10223,"USD",0.01,"GSK","Rotavirus_GSK_50Tube_1Dose","50 Plastic Tube Carton","","","","",1,"",1,"","RV",0.002,36.0
"Yellow Fever 5 Dose","",0.001,"Lyophilized",6.0,6.0,10259,"USD",0.01,"Institute Poliomyelitis and Viral Encephalitides","YellowFever_InstPoliomyelitis_5Dose","10 Ampoule Carton + 10 Ampoule Diluent Carton","","","","",5,"",1,"","YF",0.002,24.0
"DTP-HepB-Hib 10 Dose Liquid+Lyphilized","",0.001,"Liquid + Lyophilized",0.0,7.8,10057,"USD",0.01,"Biological E Limited","DTPHepBHib_BioELimited_Liq-Lyph-10Dose","One Carton Containing 15 Vials Of 10 Dose Dtwp-Rhepb Vaccine And 15 Vials Of 10 Dose Hib Vaccine","","","","",1,"",1,"","DTP-HepB-Hib",0.002,24.0
"OPV Monovalent Type 2 10 Dose","",0.001,"Liquid",0.0,0.97,10199,"USD",1.0,"GSK","OPV2_GSK_10Dose","100 Vial Carton","","","","",10,"",1,"","OPV",24.0,6.0
"Shanvac-B HebB Pediatric 2 Dose","",0.001,"Liquid",0.0,8.05,10103,"USD",1.0,"Shantha Biotechnics Private Ltd.","HepB_Shantha_Pediatric_2Dose","35 Vial Carton","","","","",2,"",1,"","HepB",0.002,36.0
"Measles Vaccine 10 Dose","",0.001,"Lyophilized + Water For Injection Diluent",0.0,1.3,10143,"USD",0.01,"Bio Farma","Measles_BioFarma_10Dose","10 Vial Carton","","","","",10,"",1,"","M",0.002,24.0
"Euvax B HebB 1 Dose","",0.001,"Liquid",0.0,14.4,10095,"USD",0.01,"LG Life Sciences Ltd.","HepB_LG_1Dose","10 Vial Carton","","","","",1,"",1,"","HebB",0.002,36.0
"Dukoral: Inactivated Oral Cholera","",0.001,"Liquid",0.0,271.0,10007,"USD",0.01,"Crucell Sweden AB","Cholera_Crucell_1Carton_1Dose","1 Dose Carton","This is for the one dose carton only, (in 1 dose carton: 271,in 2 dose carton: 136,in 20 dose carton : 44, in 170 dose carton : 24.4)","","","",1,"",1,"","OCV",0.002,36.0
"Gardasil HPV 1 Dose","",0.001,"Liquid",0.0,15.0,10116,"USD",0.01,"Merck","HPV_Merck_10Carton_1Dose","10 Vial Carton","","","","",1,"",1,"","HPV",0.002,36.0
"Shanvac-B HebB 10 Dose","",0.001,"Liquid",0.0,4.36,10105,"USD",0.01,"Shantha Biotechnics Private Ltd.","HepB_Shantha_10Dose","30 Vial Carton","","","","",1,"",1,"","HepB",0.002,36.0
"BCG Generic","",0.001,"Lyophilized + 0.9% Sodium Chloride Diluent",0.7,1.2,10001,"USD",0.01,"WHO Shipping Guidelines","BCG_WHO_Shipping_Guide_20Dose","1 Vial","","","","",20,"",1,"","BCG",0.002,36.0
"Diftet: Diptheria-Tetanus 10 Dose","",0.001,"Liquid",0.0,4.11,10014,"USD",1.0,"BB-NCIPD Ltd.","DT_BBNCIPD_10Dose","10 Vial Carton","","","","",10,"",1,"","dT",0.002,36.0
"Yellow Fever Generic 20 Dose","",0.001,"Lyophilized + Water For Injection Diluent",3.0,1.0,10251,"USD",0.01,"WHO Shipping Guidelines","YellowFever_WHO_Shipping_Guide_20Dose","1 Vial","","","","",20,"",1,"","YF",0.002,24.0
"Pirorix MMR 2 Dose","",0.001,"Lyophilized + Wfi Diluent",12.8,4.8,10157,"USD",0.01,"GSK","MMR_GSK_2Dose","100 Vial Carton + 100 Ampoule Diluent Carton","Diluent can be stored at Room temp","","","",2,"",1,"","MMR",0.002,24.0
"Rotarix 1 Dose","",0.001,"Lyophilized + Diluent",0.0,156.0,10218,"USD",0.01,"GSK","Rotavirus_GSK_10Carton_1Dose","10 Vial Carton","","","","",1,"",1,"","RV",0.002,36.0
"MMR 5 Dose","",0.001,"Lyophilized + Water For Injection Diluent",5.22,5.22,10164,"USD",0.01,"Serum Institute of India","MMR_SerumIndia_5Dose","50 Vial Carton + 50 Ampoule Carton Of Diluent","","","","",5,"",1,"","MMR",0.002,24.0
"Synflorix PCV10 1 Dose","",0.001,"Liquid",0.0,58.0,10172,"USD",0.01,"GSK","PCV10_GSK_1Carton_1Dose","1 Vial Carton","","","","",1,"",1,"","PCV10",0.002,36.0
"DTP - Hep B 5 Dose","",0.001,"Liquid",0.0,4.2,10044,"USD",1.0,"Bio Farma","DTPHepB_BioFarma_5Dose","10 Vial Carton","","","","",5,"",1,"","DTP-HepB",0.002,24.0
"Yellow Fever 20 Dose","",0.001,"Lyophilized + 0.9% Sodium Chloride Diluent",3.0,0.7,10256,"USD",0.01,"Institut Pasteur Dakar","YellowFever_PasteurDakar_20Dose","10 Ampoule Carton","","","","",20,"",1,"","YF",0.002,24.0
"Pirorix MMR 1 Dose","",0.001,"Lyophilized + Wfi Diluent",25.6,9.6,10158,"USD",0.01,"GSK","MMR_GSK_1Dose","1 Vial","Diluent can be stored at Room temp","","","",1,"",1,"","MMR",0.002,24.0
"OPV Bivalent Types 1 and 3 20 Dose","",0.001,"Liquid",0.0,0.7,10190,"USD",1.0,"Novartis","OPV13_Novartis_20Dose","100 Dispenser Carton","","","","",20,"",1,"","OPV",24.0,6.0
"BCG 10 Dose","",0.001,"Lyophilized + Sodium Chloride 1 Ml Diluent",1.33,2.611,10004,"USD",0.01,"Serum Institute of India","BGC_SerumIndia_10Dose","Carton Of 50 Vials (Active) + Carton Of 50 Ampoules Of Diluent","","","","",10,"",1,"","BCG",0.002,24.0
"Measles and Rubella 1 Dose","",0.001,"Lyophilized + Water For Injection Diluent",26.1,26.11,10152,"USD",0.01,"Serum Institute of India","MR_SerumIndia_1Dose","50 Vial Carton + 50 Ampoule Diluent Carton","","","","",1,"",1,"","MR",0.002,24.0
"Euforvac-Hib Inj. DTP-HepB-Hib 1 Dose","",0.001,"Liquid + Lyophilized",0.0,87.2,10059,"USD",0.01,"LG Life Sciences Ltd.","DTPHepBHib_LG_5Carton1Dose","Carton (Containing 5 Vials Of Hib Component And 5 Vials Of Dtpw-Hepb Component)","","","","",1,"",1,"","DTP-HepB-Hib",0.002,36.0
"DT Adult 20 Dose","",0.001,"Liquid",0.0,2.433,10027,"USD",1.0,"Serum Institute of India","DT_SerumIndia_Adult_20Dose","25 Vial Carton","","","","",20,"",1,"","dT",0.002,36.0
"Tetanus Toxoid 20 Dose","",0.001,"Liquid",0.0,2.43,10244,"USD",1.0,"Serum Institute of India","Tetanus_Toxoid_SerumIndia_20Dose","25 Vial Carton","","","","",20,"",1,"","TT",0.002,36.0
"VERORAB Rabies 1 Dose","",0.001,"Lyophilized + 0.4% Sodium Chloride In Ampoule Diluent",0.0,53.6,10215,"USD",0.01,"Novartis","Rabies_Sanofi_1Dose","5 Vial Carton With 5 Ampoules Of Diluent","","","","",1,"",1,"","RAB",0.002,36.0
"Green Flu-S Influenza A 1 Dose","",0.001,"Liquid",0.0,35.0,10126,"USD",0.01,"Green Cross","InfluenzaA_GreenCross_1Dose","1 Vial Carton","","","","",1,"",1,"","H1N1",0.002,12.0
"DTP HepB Hib Generic 1 Dose","",0.001,"Liquid",0.0,22.0,10049,"USD",0.01,"WHO Shipping Guidelines","DTPHepBHib_WHO_Shipping_Guide_1Dose","1 Vial","","","","",1,"",1,"","DTP-HepB-Hib",0.002,36.0
"DTP-HepB-Hib 10 Dose","",0.001,"Liquid",0.0,2.9,10056,"USD",1.0,"Biological E Limited","DTPHepBHib_BioELimited_10Dose","One Carton Containing 15 Vials Of 10 Dose Dtwp-Rhepb Vaccine And 15 Vials Of 10 Dose Hib Vaccine","","","","",1,"",1,"","DTP-HepB-Hib",0.002,24.0
"Hib 1 Dose","",0.001,"Lyophilized + 0.4 % Sodium Chloride Diluent",0.0,26.11,10075,"USD",0.01,"Serum Institute of India","Hib_SerumIndia_1Dose","50 Vial Carton + 50 Ampoule Carton Of Diluent","","","","",1,"",1,"","HIb",0.002,36.0
"TETRAct-HIB DTPHib 10 Dose","",0.001,"Liquid + Lyophilized",0.0,12.39,10039,"USD",0.01,"Sanofi Pasteur","DTPHib_Sanofi_10Dose","1 Vial 10 Dose (Dtp) + 1 Vial 10 Dose (Hib)","","","","",10,"",1,"","DTP-Hib",0.002,36.0
"HepB WHO Shipping Guildelines 2 Dose","",0.001,"Liquid",0.0,13.0,10085,"USD",0.01,"WHO Shipping Guidelines","HepB_WHO_Shipping_Guide_2Dose","1 Vial","","","","",2,"",1,"","HepB",0.002,36.0
"HepB WHO Shipping Guildelines 20 Dose","",0.001,"Liquid",0.0,3.0,10088,"USD",0.01,"WHO Shipping Guidelines","HepB_WHO_Shipping_Guide_20Dose","1 Vial","","","","",20,"",1,"","HepB",0.002,36.0
"Heberbiovac HB HepB 1 Dose","",0.001,"Liquid",0.0,2.76,10093,"USD",0.01,"Center for Genetic Engineering and Biotechnology","HepB_CGEB_1Dose","10 Vial Carton","","","","",1,"",1,"","HepB",0.002,48.0
"MMR Generic 1 Dose","",0.001,"Lyophilized + Wfi Diluent",20.0,16.0,10155,"USD",0.01,"WHO Shipping Guidelines","MMR_WHO_Shipping_Guide_1Dose","1 Vial","","","","",1,"",1,"","MMR",0.002,24.0
"Tetanus Toxoid 10 Dose","",0.001,"Liquid",0.0,3.9,10239,"USD",1.0,"Biological E Limited","Tetanus_Toxoid_BiologicalE_10Dose","30 Vial Carton","","","","",10,"",1,"","TT",0.002,36.0
"STAMARIL Yellow Fever 10 Dose","",0.001,"Lyophilized + 0.9% Sodium Chloride In Vial Diluent",2.85,2.46,10261,"USD",0.01,"Sanofi Pasteur","YellowFever_Sanofi_10Dose","10 Vial Carton + 10 Vial Diluent Carton","","","","",10,"",1,"","YF",0.002,24.0
"JE Live  1 Dose (Chengdu Institute of Biological Products)","",0.001,"Lyophilised",11.48,11.5,10138,"USD",0.01,"SA14-14-2","JE_Chengdu_10Carton_1Dose","10 Vial Carton","Used Vaccine Volume Calculator Values as they made more sense","","","",1,"",1,"","JE",0.002,18.0
"Measles Vaccine 2 Dose","",0.001,"Lyophilized + Water For Injection Diluent",13.1,13.1,10147,"USD",0.01,"Serum Insitute of India","Measles_SerumIndia_2Dose","50 Vial Carton + 50 Ampoule Diluent Carton","","","","",2,"",1,"","M",0.002,24.0
"Measles Vaccine 5 Dose","",0.001,"Lyophilized + Water For Injection Diluent",7.0,5.22,10149,"USD",0.01,"Serum Insitute of India","Measles_SerumIndia_5Dose","50 Vial Carton + 50 Ampoule Diluent Carton","","","","",5,"",1,"","M",0.002,24.0
"Euvax B HebB 10 Dose","",0.001,"Liquid",0.0,3.22,10098,"USD",1.0,"LG Life Sciences Ltd.","HepB_LG_10Carton_10Dose","10 Vial Carton","","","","",2,"",1,"","HebB",0.002,36.0
"Rabipur Rabies 1 Dose","",0.001,"Lyophilized + Water For Injection Diluent",0.0,48.0,10213,"USD",0.01,"Chiron Behring Vaccines Private Ltd.","Rabies_Chiron_5Carton_1Dose","5 Vial Carton With 5 Ampoules Of Diluent","","","","",1,"",1,"","RAB",0.002,48.0
"Measles Vaccine 1 Dose","",0.001,"Lyophilized + Water For Injection Diluent",26.1,26.11,10146,"USD",0.01,"Serum Insitute of India","Measles_SerumIndia_1Dose","50 Vial Carton + 50 Ampoule Diluent Carton","","","","",1,"",1,"","M",0.002,24.0
"Shanvac-B HebB Adult 1 Dose","",0.001,"Liquid",0.0,16.05,10104,"USD",0.01,"Shantha Biotechnics Private Ltd.","HepB_Shantha_Adult_1Dose","35 Vial Carton","","","","",2,"",1,"","HepB",0.002,36.0
"DT Generic 20 Dose","",0.001,"Liquid",0.0,2.5,10013,"USD",1.0,"WHO Shipping Guidelines","DT_WHO_Shipping_Guide_20Dose","Generic","","","","",20,"",1,"","dT",0.002,36.0
"Dukoral: Inactivated Oral Cholera","",0.001,"Liquid",0.0,44.0,10009,"USD",0.01,"Crucell Sweden AB","Cholera_Crucell_20Carton_1Dose","20 Dose Carton","This is for the one dose carton only, (in 1 dose carton: 271,in 2 dose carton: 136,in 20 dose carton : 44, in 170 dose carton : 24.4)","","","",1,"",1,"","OCV",0.002,36.0
"OPVERO OPV Trivalent 10 Dose","",0.001,"Liquid",0.0,0.97,10208,"USD",1.0,"Sanofi Pasteur","OPV123_Sanofi_10Carton_10Dose","10 Vial Carton","","","","",20,"",1,"","OPV",24.0,6.0
"Polysaccharide Meningococcal A+C 10 Dose","",0.001,"Lyophilized + Buffered Saline Solution Diluent",3.0,2.96,10169,"USD",0.01,"Bio-Manguinhos","MenAC_BioManguinhos_10Dose","10 Vial Carton + 10 Ampoule Diluent Carton","","","","",10,"",1,"","MenAC",0.002,24.0
"OPV Generic 10 Dose","",0.001,"Liquid",0.0,2.0,10184,"USD",1.0,"WHO Shipping Guidelines","OPV_WHO_Shipping_Guide_10Dose","1 Vial","","","","",10,"",1,"","OPV",24.0,6.0
"DTP-HepB-Hib SII 10 Dose","",0.001,"Liquid",0.0,2.6,10060,"USD",1.0,"Serum Institute of India","DTPHepBHib_SerumIndia_10Dose_v2","50 Vial Carton","","","","",10,"",1,"","DTP-HepB-Hib",0.002,24.0
"Rubella 1 Dose","",0.001,"Lyophilized + Water For Injection Diluent",26.11,26.11,10226,"USD",0.01,"Serum Institute of India","Rubella_SerumIndia_1Dose","1 Vial Carton With Ampoule Of Diluent","","","","",1,"",1,"","R",0.002,24.0
"DT 20 Dose","",0.001,"Liquid",0.0,2.433,10020,"USD",1.0,"Serum Institute of India","DT_SerumIndia_20Dose","Carton Of 25 Vials","","","","",20,"",1,"","dT",0.002,36.0
"Yellow Fever 5 Dose","",0.001,"Lyophilized + 0.9% Sodium Chloride Diluent",7.0,2.8,10255,"USD",0.01,"Institut Pasteur Dakar","YellowFever_PasteurDakar_5Dose","10 Ampoule Carton","","","","",5,"",1,"","YF",0.002,24.0
"Cervarix HPV  2 Dose","",0.001,"Liquid",0.0,4.8,10111,"USD",0.01,"GSK","HPV_GSK_100Carton_2Dose","100 Vial Carton","","","","",2,"",1,"","HPV",0.002,36.0
"Havrix? 720 Junior 1 Dose","",0.001,"Liquid",0.0,11.5,10077,"USD",0.01,"GSK","HepA_GSK_10Carton_1Dose","10 Vial Carton","","","","",1,"",1,"","HepA",0.002,36.0
"Hepavax-Gen HebB 1 Dose","",0.001,"Liquid",0.0,13.3,10089,"USD",0.01,"Berna Biotech Korea: Crucell","HepB_Crucell_1Dose","50 Vial Carton","","","","",1,"",1,"","HepB",0.002,36.0
"Yellow Fever 10 Dose","",0.001,"Lyophilized + Water For Injection Diluent",6.0,2.96,10253,"USD",0.01,"Bio-Manguinhos","YellowFever_BioManguinhos_10Dose","10 Vial Carton + 10 Ampoule Diluent Carton","","","","",10,"",1,"","YF",0.002,24.0
"Tetanus Toxoid 1 Dose","",0.001,"Liquid",0.0,14.7,10241,"USD",0.01,"Biological E Limited","Tetanus_Toxoid_BiologicalE_1Dose","48 Vial Carton","","","","",1,"",1,"","TT",0.002,36.0
"DTP-HepB-Hib 10 Dose","",0.001,"Liquid",0.0,2.5,10060,"USD",1.0,"Serum Institute of India","DTPHepBHib_SerumIndia_10Dose","50 Vial Carton","","","","",10,"",1,"","DTP-HepB-Hib",0.002,24.0
"Fluzone Seasonal Influenza Inactivated 10 Dose","",0.001,"Liquid",0.0,5.8,10123,"USD",1.0,"Sanofi Pasteur","SeasFlu_Inactive_Sanofi_10Dose","10 Vial Carton","","","","",1,"",1,"","inf",0.002,18.0
"BCG 10 Dose","",0.001,"Lyophilized + Diluted Sauton Diluent",1.33,1.33,10006,"USD",0.01,"Statens Serum Institut","BGC_Statens_10Dose","Carton Of 50 Vials","Based Diluent size on picture","","","",10,"",1,"","BCG",0.002,24.0
"IMOVAX POLIO IPV 10 Dose","",0.001,"Liquid",0.0,2.46,10180,"USD",0.01,"Sanofi Pasteur","IPV_Sanofi_10Dose","10 Vial Carton","","","","",10,"",1,"","IPV",0.002,36.0
"Dukoral: Inactivated Oral Cholera","",0.001,"Liquid",0.0,24.4,10010,"USD",0.01,"Crucell Sweden AB","Cholera_Crucell_170Carton_1Dose","170 Dose Emergency Pack","This is for the one dose carton only, (in 1 dose carton: 271,in 2 dose carton: 136,in 20 dose carton : 44, in 170 dose carton : 24.4)","","","",1,"",1,"","OCV",0.002,36.0
"Shanchol: Inactivated Oral Cholera","",0.001,"Liquid",0.0,16.8,10011,"USD",0.01,"Shantha Biotechnics Limited","Cholera_Shantha_1Dose","Carton Of 35 Vials","","","","",1,"",1,"","OCV",0.002,24.0
"Quattvaxem DTPHib 10 Dose","",0.001,"Liquid",0.0,2.4,10038,"USD",1.0,"Novartis","DTPHib_Novartis_10Dose","1 Vial 10 Dose (Dtp) + 1 Vial 10 Dose (Hib)","","","","",10,"",1,"","DTP-Hib",0.002,24.0
"DTP - HepB Generic 2 Dose","",0.001,"Liquid",0.0,6.0,10042,"USD",1.0,"WHO Shipping Guidelines","DTPHepB_WHO_Shipping_Guide_2Dose","1 Vial","","","","",2,"",1,"","DTP-HepB",0.002,24.0
"Shanvac-B HebB 6 Dose","",0.001,"Liquid",0.0,3.69,10107,"USD",1.0,"Shantha Biotechnics Private Ltd.","HepB_Shantha_6Dose","35 Vial Carton","","","","",6,"",1,"","HepB",0.002,36.0
"DTP - Hep B 10 Dose","",0.001,"Liquid",0.0,2.1,10045,"USD",1.0,"Bio Farma","DTPHepB_BioFarma_10Dose","10 Vial Carton","","","","",10,"",1,"","DTP-HepB",0.002,24.0
"JEEV Japanese Encephilitis 1 Dose","",0.001,"Liquid",0.0,14.7,10136,"USD",0.01,"Biological E Limited","JE_BiologicalE_1Dose","48 Vial Carton","","","","",1,"",1,"","JE",0.002,24.0
"Measles Vaccine 20 Dose","",0.001,"Lyophilized + Water For Injection Diluent",0.0,0.75,10142,"USD",0.01,"Bio Farma","Measles_BioFarma_20Dose","10 Vial Carton","","","","",20,"",1,"","M",0.002,24.0
"Rotarix 1 Dose","",0.001,"Lyophilized + Diluent",0.0,134.0,10219,"USD",0.01,"GSK","Rotavirus_GSK_1Applicator_1Dose","1 Applicator Carton","","","","",1,"",1,"","RV",0.002,36.0
"OPV Monovalent Type 3 20 Dose","",0.001,"Liquid",0.0,0.48,10202,"USD",1.0,"GSK","OPV3_GSK_20Dose","100 Vial Carton","","","","",20,"",1,"","OPV",24.0,6.0
"DTP-HepB-Hib Lyophilised 10 Dose","",0.001,"Liquid + Lyophilized",0.0,5.1,10062,"USD",0.01,"Serum Institute of India","DTPHepBHib_SerumIndia_Lyo_10Dose","Carton (Containing 150 Vials Of Hib Component And 150 Vials Of Dtpw-Hebb Component)","","","","",10,"",1,"","DTP-HepB-Hib",0.002,24.0
"Polysaccharide Meningococcal A+C 10 Dose","",0.001,"Lyophilized + Specific Meningococcal Diluent In Vial (5Ml)",2.46,2.46,10170,"USD",0.01,"Sanofi Pasteur","MenAC_Sanofi_10Dose","10 Vial Carton + 10 Ampoule Diluent Carton","","","","",10,"",1,"","MenAC",0.002,36.0
"IPV Vaccine SSI 1 Dose","",0.001,"Liquid",0.0,12.9,10183,"USD",0.01,"Statens","IPV_Statens_50Carton_1Dose","50 Vial Carton","","","","",1,"",1,"","IPV",0.002,18.0
"Hib Liquid Generic 10 Dose","",0.001,"Liquid",0.0,2.5,10068,"USD",1.0,"WHO Shipping Guidelines","Hib_Liquid_WHO_Shipping_Guide_10Dose","1 Vial","","","","",10,"",1,"","Hib",0.002,36.0
"Yellow Fever 5 Dose","",0.001,"Lyophilized + Water For Injection Diluent",7.0,6.31,10252,"USD",0.01,"Bio-Manguinhos","YellowFever_BioManguinhos_5Dose","50 Vial Carton + 50 Ampoule Carton Of Diluent","","","","",5,"",1,"","YF",0.002,24.0
"OPV Trivalent 20 Dose","",0.001,"Liquid",0.0,1.11,10210,"USD",1.0,"Serum Institute of India","OPV123_SerumIndia_20Dose","50 Vial Carton","","","","",20,"",1,"","OPV",24.0,6.0
"HepB WHO Shipping Guildelines 10 Dose","",0.001,"Liquid",0.0,4.0,10087,"USD",0.01,"WHO Shipping Guidelines","HepB_WHO_Shipping_Guide_10Dose","1 Vial","","","","",10,"",1,"","HepB",0.002,36.0
"Hib Liquid Generic 1 Dose","",0.001,"Liquid",0.0,15.0,10067,"USD",0.01,"WHO Shipping Guidelines","Hib_Liquid_WHO_Shipping_Guide_1Dose","1 Vial","","","","",1,"",1,"","Hib",0.002,36.0
"D.T. COQ/D.T.P. 10 Dose","",0.001,"Liquid",0.0,2.46,10032,"USD",1.0,"Sanofi Pasteur","DTP_Sanofi_10Dose","10 Vial Carton","","","","",10,"",1,"","DTP",0.002,36.0
"TRIMOVAX MERIEUX MMR 1 Dose","",0.001,"Lyophilized + Water For Injection Diluent",12.66,12.66,10161,"USD",0.01,"Merck","MMR_Sanofi_1Dose","10 Vial Carton + 10 Vial Diluent Carton","","","","",1,"",1,"","MMR",0.002,24.0
"DTP Generic 10 Dose","",0.001,"Liquid",0.0,3.0,10028,"USD",1.0,"WHO Shipping Guidelines","DTP_WHO_Shipping_Guide_10Dose","1 Vial","","","","",10,"",1,"","DTP",0.002,36.0
"Tetanus Toxoid 1 Dose","",0.001,"Liquid",0.0,15.72,10243,"USD",0.01,"Serum Institute of India","Tetanus_Toxoid_SerumIndia_1Dose","50 Ampoule Carton","","","","",1,"",1,"","TT",0.002,36.0
"Prevenar PCV13 1 Dose","",0.001,"Liquid",0.0,15.7,10178,"USD",0.01,"Wyeth","PCV13_Wyeth_25Carton_1Dose","25 Vial Carton","","","","",1,"",1,"","PCV13",0.002,24.0
"NASOVAC Influenza A 5 Dose","",0.001,"Liquid",4.78,4.43,10134,"USD",0.01,"Serum Institute of India","InfluenzaA_SerumIndia_5Dose","50 Vial Carton + 50 Vial Diluent Carton","","","","",5,"",1,"","H1N1",0.002,9.0
"MMR 10 Dose","",0.001,"Lyophilized + Water For Injection Diluent",2.61,2.61,10162,"USD",0.01,"Serum Institute of India","MMR_SerumIndia_10Dose","50 Vial Carton + 50 Ampoule Carton Of Diluent","","","","",10,"",1,"","MMR",0.002,24.0
"OPV Monovalent Type 1 20 Dose","",0.001,"Liquid",0.0,2.41,10198,"USD",1.0,"Sanofi Pasteur","OPV1_Sanofi_20Dose","10 Vial Carton","","","","",20,"",1,"","OPV",24.0,6.0
"HepB 1 Dose Vaccine ampoules","",0.001,"Liquid",0.0,15.72,10100,"USD",0.01,"Serum Institute of India","HepB_SerumIndia_Ampuole_1Dose","50 Ampoule Carton","","","","",1,"",1,"","HepB",0.002,36.0
"Tetanus Toxoid Generic 10 Dose","",0.001,"Liquid",0.0,3.0,10232,"USD",1.0,"WHO Shipping Guidelines","Tetanus_Toxoid_WHO_Shipping_Guide_10Dose","1 Vial","","","","",10,"",1,"","TT",0.002,36.0
"Fluvirin Seasonal Influenza 10 Dose","",0.001,"Liquid",0.0,9.0,10120,"USD",1.0,"Novartis","SeasFlu_Novartis_10Dose","1 Vial Carton","","","","",10,"",1,"","inf",0.002,12.0
"Act-HIB 1 Dose","",0.001,"Lyophilized + 0.4 % Sodium Chloride Diluent",0.0,12.66,10074,"USD",0.01,"Sanofi Pasteur","Hib_Sanofi_1Dose","10 Vial Carton + 10 Ampoules Of 0.5Ml Diluent In A Separate Box","","","","",1,"",1,"","Hib",0.002,36.0
"Shanvac-B HebB 20 Dose","",0.001,"Liquid",0.0,2.57,10108,"USD",1.0,"Shantha Biotechnics Private Ltd.","HepB_Shantha_20Dose","30 Vial Carton","","","","",20,"",1,"","HepB",0.002,36.0
"DTP-HepB-Hib 1 Dose","",0.001,"Liquid",0.0,14.6,10054,"USD",0.01,"Biological E Limited","DTPHepBHib_BioELimited_1Dose","48 Vial Box","","","","",1,"",1,"","DTP-HepB-Hib",0.002,24.0
"Diftet: Diptheria-Tetanus 20 Dose","",0.001,"Liquid",0.0,2.05,10015,"USD",1.0,"BB-NCIPD Ltd.","DT_BBNCIPD_20Dose","10 Vial Carton","","","","",20,"",1,"","dT",0.002,36.0
"DTP-HepB-Hib Lyophilised 1 Dose","",0.001,"Liquid + Lyophilized",0.0,39.2,10065,"USD",0.01,"Serum Institute of India","DTPHepBHib_SerumIndia_Lyo_1Dose","Carton (Containing 200 Vials Of Hib Component And 200 Vials Of Dtpw-Hebb Component)","","","","",1,"",1,"","DTP-HepB-Hib",0.002,24.0
"Rotarix Tube 1 Dose","",0.001,"Lyophilized + Diluent",0.0,43.3,10222,"USD",0.01,"GSK","Rotavirus_GSK_10Tube_1Dose","10 Plastic Tube Carton","","","","",1,"",1,"","RV",0.002,36.0
"Heberbiovac HB HepB 10 Dose","",0.001,"Liquid",0.0,2.76,10094,"USD",1.0,"Center for Genetic Engineering and Biotechnology","HepB_CGEB_10Dose","10 Vial Carton","","","","",10,"",1,"","HepB",0.002,48.0
"ShanTT TT 20 Dose","",0.001,"Liquid",0.0,2.57,10247,"USD",1.0,"Shantha Biotechnics Private Ltd.","Tetanus_Toxoid_Shantha_20Dose","30 Vial Carton","","","","",20,"",1,"","TT",0.002,36.0
"M SII 10 Dose","",0.001,"??Lyophilized + Water For Injection Diluent",4.0,2.61,10148,"USD",0.01,"Serum Insitute of India","Measles_SerumIndia_10Dose","50 Vial Carton + 50 Ampoule Diluent Carton","","","","",10,"",1,"","M",0.002,24.0
"Pandemirix Influenza A 10 Dose","",0.001,"Liquid",0.0,10.0,10125,"USD",0.01,"GSK","InfluenzaA_GSK_10Dose","50 Vial Carton Of Antigen + 2 25 Vial Carton Of Adjuvant","","","","",10,"",1,"","H1N1",0.002,24.0
"TYPHIM-Vi Typhoid","",0.001,"Liquid",0.0,1.58,10248,"USD",0.01,"Sanofi Pasteur","Typhoid_Sanofi_20Dose","10 Vial Carton","","","","",20,"",1,"","TYP",0.002,36.0
"Yellow Fever 10 Dose","",0.001,"Lyophilized + 0.9% Sodium Chloride Diluent",6.0,1.4,10257,"USD",0.01,"Institut Pasteur Dakar","YellowFever_PasteurDakar_10Dose","10 Ampoule Carton","","","","",10,"",1,"","YF",0.002,24.0
"Rabipur Rabies 1 Dose","",0.001,"Lyophilized + Water For Injection Diluent",0.0,171.0,10214,"USD",0.01,"Novartis","Rabies_Novartis_1Dose","1 Vial Carton With Diluent Ampoule","","","","",1,"",1,"","RAB",0.002,48.0
"OPV Monovalent Type 1 10 Dose","",0.001,"Liquid",0.0,0.97,10194,"USD",1.0,"GSK","OPV1_GSK_10Dose","100 Vial Carton","","","","",10,"",1,"","OPV",24.0,6.0
"DT Adult 1 Dose","",0.001,"Liquid",0.0,15.715,10025,"USD",0.01,"Serum Institute of India","DT_SerumIndia_Adult_1Dose","50 Ampoule Carton","","","","",1,"",1,"","dT",0.002,36.0
"Hepavax-Gen HebB Thiomersol Free 1 Dose","",0.001,"Liquid",0.0,12.86,10090,"USD",0.01,"Berna Biotech Korea: Crucell","HepB_NoThiomersal_Crucell_1Dose","50 Vial Carton","","","","",1,"",1,"","HepB",0.002,36.0
"Havrix? 720 Adult 1 Dose","",0.001,"Liquid",0.0,11.3,10082,"USD",0.01,"GSK","HepA_Adult_GSK_25Carton_1Dose","25 Vial Carton","","","","",1,"",1,"","HepA",0.002,36.0
"Rotarix 1 Dose","",0.001,"Lyophilized + Diluent",0.0,256.0,10217,"USD",0.01,"GSK","Rotavirus_GSK_1Carton_1Dose","1 Vial Carton","","","","",1,"",1,"","RV",0.002,36.0
"Rabipur Rabies 1 Dose","",0.001,"Lyophilized + Water For Injection Diluent",0.0,174.0,10211,"USD",0.01,"Chiron Behring Vaccines Private Ltd.","Rabies_Chiron_1Carton_1Dose","1 Vial Carton With Ampoule Of Diluent And Syringe","","","","",1,"",1,"","RAB",0.002,48.0
"OPV Monovalent Type 2 20 Dose","",0.001,"Liquid",0.0,0.48,10200,"USD",1.0,"GSK","OPV2_GSK_20Dose","100 Vial Carton","","","","",20,"",1,"","OPV",24.0,6.0
"Measles and Rubella 5 Dose","",0.001,"Lyophilized + Water For Injection Diluent",5.33,5.22,10154,"USD",0.01,"Serum Institute of India","MR_SerumIndia_5Dose","50 Vial Carton + 50 Ampoule Diluent Carton","","","","",5,"",1,"","MR",0.002,24.0
"Tetanus Diptheria Generic 20 Dose","",0.001,"Liquid",0.0,2.5,10231,"USD",1.0,"WHO Shipping Guidelines","Tetanus_Diptheria_WHO_Shipping_Guide_20Dose","1 Vial","","","","",20,"",1,"","Td",0.002,36.0
"GC FLU Multi Inj Seasonal Influenza 10 Dose","",0.001,"Liquid",0.0,3.76,10119,"USD",1.0,"Green Cross Corporation","SeasFlu_GreenCross_10Dose","10 Vial Carton","","","","",10,"",1,"","inf",0.002,12.0
"Tetanus Diptheria Generic 10 Dose","",0.001,"Liquid",0.0,3.0,10230,"USD",1.0,"WHO Shipping Guidelines","Tetanus_Diptheria_WHO_Shipping_Guide_10Dose","1 Vial","","","","",10,"",1,"","Td",0.002,36.0
"M-M-R II 1 Dose","",0.001,"Lyophilised",15.0,15.0,10159,"USD",0.01,"Merck","MMR_Merck_1Dose","10 Vial Carton + 10 Vial Diluent Carton","","","","",1,"",1,"","MMR",0.002,24.0
"Tetanus Toxoid 1 Dose Uniject","",0.001,"Liquid",0.0,12.0,10236,"USD",0.01,"Bio Farma","Tetanus_Toxoid_BioFarma_1Dose_Uniject","100 Unifect Device Carton","","","","",1,"",1,"","TT",0.002,24.0
"Havrix? 720 Adult 1 Dose","",0.001,"Liquid",0.0,57.7,10080,"USD",0.01,"GSK","HepA_Adult_GSK_1Carton_1Dose","1 Vial Carton","","","","",1,"",1,"","HepA",0.002,36.0
"Prevenar PCV13 1 Dose","",0.001,"Liquid",0.0,12.0,10177,"USD",0.01,"Wyeth","PCV13_Wyeth_50Carton_1Dose","50 Vial Carton","","","","",1,"",1,"","PCV13",0.002,24.0
"HepB 10 Dose Vaccine","",0.001,"Liquid",0.0,2.61,10102,"USD",1.0,"Serum Institute of India","HepB_SerumIndia_10Dose","50 Vial Carton","","","","",1,"",1,"","HepB",0.002,36.0
"OPV Trivalent 10 Dose","",0.001,"Liquid",0.0,3.2,10205,"USD",1.0,"Bio Farma","OPV123_BioFarma_10Dose","10 Vial Carton","","","","",10,"",1,"","OPV",24.0,6.0
"Hib Lyophilised Generic 2 Dose","",0.001,"Lyophilized",0.0,6.0,10070,"USD",0.01,"WHO Shipping Guidelines","Hib_Lyo_WHO_Shipping_Guide_2Dose","1 Vial","","","","",2,"",1,"","Hib",0.002,36.0
"DTP Adsorbed 10 Dose","",0.001,"Liquid",0.0,2.611,10034,"USD",1.0,"Serum Institute of India","DTP_SerumIndia_10Dose","50 Vial Carton","","","","",10,"",1,"","DTP",0.002,24.0
"OPV Monovalent Type 1 20 Dose","",0.001,"Liquid",0.0,1.0,10196,"USD",1.0,"Haffikine Bio Pharmaceutical Corp","OPV1_Haffikine_20Dose","50 Vial Carton","","","","",20,"",1,"","OPV",24.0,6.0
"DT 1 Dose","",0.001,"Liquid",0.0,15.715,10018,"USD",0.01,"Serum Institute of India","DT_SerumIndia_1Dose","Carton Of 50 Ampoules","","","","",1,"",1,"","dT",0.002,36.0
"OPV Monovalent Type 3 20 Dose","",0.001,"Liquid",0.0,0.7,10203,"USD",1.0,"Novartis","OPV3_Novartis_20Dose","100 Dispenser Carton","","","","",20,"",1,"","OPV",24.0,6.0
"Yellow Fever Generic 5 Dose","",0.001,"Lyophilized + Water For Injection Diluent",5.0,6.5,10249,"USD",0.01,"WHO Shipping Guidelines","YellowFever_WHO_Shipping_Guide_5Dose","1 Vial","","","","",5,"",1,"","YF",0.002,24.0
"DTP-HepB-Hib 1 Dose Liquid+Lyphilized","",0.001,"Liquid + Lyophilized",0.0,29.36,10055,"USD",0.01,"Biological E Limited","DTPHepBHib_BioELimited_Liq-Lyph-1Dose","24 Vial Box","","","","",1,"",1,"","DTP-HepB-Hib",0.002,24.0
"Yellow Fever Generic 10 Dose","",0.001,"Lyophilized + Water For Injection Diluent",6.0,2.5,10250,"USD",0.01,"WHO Shipping Guidelines","YellowFever_WHO_Shipping_Guide_10Dose","1 Vial","","","","",10,"",1,"","YF",0.002,24.0
"Influenza A Spray 1 Dose","",0.001,"Liquid",0.0,87.0,10127,"USD",0.01,"MedImmune","InfluenzaA_MedImmune_1Dose","10 Applicator Carton","","","","",1,"",1,"","H1N1",0.002,18.0
"Measles Vaccine 10 Dose","",0.001,"Lyophilized + Water For Injection (5 Ml) Diluent",4.0,2.13,10144,"USD",0.01,"GPO-MBP","Measles_GPO_Thailand_10Dose","10 Vial Carton + 10 Vial Diluent Carton","Diluent transproted outside cold chain","","","",10,"",1,"","M",0.002,36.0
"Focetria Influenza A 10 Dose","",0.001,"Liquid",0.0,3.0,10129,"USD",0.01,"Novartis","InfluenzaA_Focetria_Novartis_10Dose","10 Vial Carton","","","","",10,"",1,"","H1N1",0.002,12.0
"HepB WHO Shipping Guildelines 6 Dose","",0.001,"Liquid",0.0,4.5,10086,"USD",0.01,"WHO Shipping Guidelines","HepB_WHO_Shipping_Guide_6Dose","1 Vial","","","","",6,"",1,"","HepB",0.002,36.0
"BCG 10 Dose","",0.001,"Lyophilized + 0.9% Sodium Chloride Diluent",2.25,2.25,10002,"USD",0.01,"BB-NCIPD Ltd.","BCG_BBNCIPD_10Dose","Boxes Of 20 Vials Of 10-Doses Of Vaccine + Diluents","","","","",10,"",1,"","BCG",0.002,36.0
"Hib Lyophilised Generic 1 Dose","",0.001,"Lyophilized",0.0,13.0,10069,"USD",0.01,"WHO Shipping Guidelines","Hib_Lyo_WHO_Shipping_Guide_1Dose","1 Vial","","","","",1,"",1,"","Hib",0.002,36.0
"Tetanus Toxoid 20 Dose","",0.001,"Liquid",0.0,2.9,10240,"USD",1.0,"Biological E Limited","Tetanus_Toxoid_BiologicalE_20Dose","20 Vial Carton","","","","",20,"",1,"","TT",0.002,36.0
"OPV Monovalent Type 1 20 Dose","",0.001,"Liquid",0.0,0.48,10195,"USD",1.0,"GSK","OPV1_GSK_20Dose","50 Vial Carton","","","","",20,"",1,"","OPV",24.0,6.0
"Fluzone Seasonal Influenza Inactivated 1 Dose","",0.001,"Liquid",0.0,18.3,10122,"USD",0.01,"Sanofi Pasteur","SeasFlu_Inactive_Sanofi_1Dose","10 Vial Carton","","","","",1,"",1,"","inf",0.002,18.0
"Tetanus Toxoid 20 Dose","",0.001,"Liquid",0.0,0.75,10238,"USD",1.0,"Bio Farma","Tetanus_Toxoid_BioFarma_20Dose","10 Vial Carton","","","","",20,"",1,"","TT",0.002,24.0
"JE Live  1 Dose (Chengdu Institute of Biological Products)","",0.001,"Lyophilised",2.9724,2.3,10137,"USD",0.01,"SA14-14-2","JE_Chengdu_10Carton_5Dose","10 Vial Carton","Used Vaccine Volume Calculator Values as they made more sense","","","",1,"",1,"","JE",0.002,18.0
"DTP-HepB-Hib 1 Dose","",0.001,"Liquid",0.0,26.1,10061,"USD",0.01,"Serum Institute of India","DTPHepBHib_SerumIndia_1Dose","50 Vial Carton","","","","",1,"",1,"","DTP-HepB-Hib",0.002,24.0
"Rotateq Tube 1 Dose","",0.001,"Lyophilized + Diluent",0.0,46.3,10225,"USD",0.01,"GSK","Rotavirus_Merck_25Tube_1Dose","25 Plastic Tube Carton","","","","",1,"",1,"","RV",0.002,24.0
"DTP-HepB Vaccine Adsorbed 1 Dose","",0.001,"Liquid",0.0,15.715,10048,"USD",1.0,"Serum Institute of India","DTPHepB_SerumIndia_1Dose","50 Ampoule Carton","","","","",20,"",1,"","DTP-HepB",0.002,24.0
"DTP-HepB-Hib 2 Dose","",0.001,"Liquid",0.0,12.1,10064,"USD",0.01,"Serum Institute of India","DTPHepBHib_SerumIndia_2Dose","1 Vial","","","","",2,"",1,"","DTP-HepB-Hib",0.002,24.0
"Quinvaxem Pentavalent  1 Dose (Crucell / Berna Biotech)","",0.001,"Liquid",0.0,10.28,10051,"USD",0.01,"2 mL","DTPHepBHib_Crucell_2mL_1Dose","50 Vial Carton","","","","",1,"",1,"","DTP-HepB-Hib",0.002,36.0
"Synflorix PCV10 1 Dose","",0.001,"Liquid",0.0,10.0,10174,"USD",0.01,"GSK","PCV10_GSK_100Carton_1Dose","100 Vial Carton","","","","",1,"",1,"","PCV10",0.002,36.0
"TRIMOVAX MERIEUX MMR 10 Dose","",0.001,"Lyophilized + Water For Injection Diluent",2.46,2.46,10160,"USD",0.01,"Merck","MMR_Sanofi_10Dose","10 Vial Carton + 10 Vial Diluent Carton","","","","",10,"",1,"","MMR",0.002,24.0
"Hib Lyophilised Generic 10 Dose","",0.001,"Lyophilized",0.0,2.5,10071,"USD",0.01,"WHO Shipping Guidelines","Hib_Lyo_WHO_Shipping_Guide_10Dose","1 Vial","","","","",10,"",1,"","Hib",0.002,36.0
"Rotateq Tube 1 Dose","",0.001,"Lyophilized + Diluent",0.0,75.3,10224,"USD",0.01,"GSK","Rotavirus_Merck_10Tube_1Dose","10 Plastic Tube Carton","","","","",1,"",1,"","RV",0.002,24.0
"OPV Bivalent Types 1 and 3 20 Dose","",0.001,"Liquid",0.0,0.55,10186,"USD",1.0,"Bio Farma","OPV13_BioFarma_20Dose","50 Vial Carton","","","","",20,"",1,"","OPV",24.0,6.0
"Measles and Rubella Generic 10 Dose","",0.001,"Lyophilized + Water For Injection Diluent",4.0,2.5,10150,"USD",0.01,"WHO Shipping Guidelines","MR_WHO_Shipping_Guide_10Dose","1 Vial","","","","",10,"",1,"","MR",0.002,24.0
"FluLaval Seasonal Influenza 10 Dose","",0.001,"Liquid",0.0,7.4,10117,"USD",1.0,"GSK","SeasFlu_GSK_10Dose","10 Vials Banded","","","","",10,"",1,"","inf",0.002,36.0
"Fluvirin-H1N1 Influenza A 10 Dose","",0.001,"Liquid",0.0,9.0,10130,"USD",0.01,"Novartis","InfluenzaA_Fluvirin_Novartis_10Dose","1 Vial Carton","","","","",10,"",1,"","H1N1",0.002,6.0
"Vaxigrip Seasonal Influenza 10 Dose","",0.001,"Liquid",0.0,2.38,10121,"USD",0.01,"Sanofi Pasteur","SeasFlu_Sanofi_10Dose","10 Vial Carton","","","","",10,"",1,"","inf",0.002,12.0
"Rubella 2 Dose","",0.001,"Lyophilized + Water For Injection Diluent",13.06,13.06,10227,"USD",0.01,"Serum Institute of India","Rubella_SerumIndia_2Dose","1 Vial Carton With Ampoule Of Diluent","","","","",2,"",1,"","R",0.002,24.0
"BCG SII 20 Dose","",0.001,"Lyophilized + Diluent",1.552,1.3,10000,"USD",0.01,"Serum Institute of India","BGC_SerumIndia_20Dose","","","","","",20,"",1,"","BCG",0.002,24.0
"Cervarix HPV  2 Dose","",0.001,"Liquid",0.0,28.8,10109,"USD",0.01,"GSK","HPV_GSK_1Carton_2Dose","1 Vial Carton","","","","",2,"",1,"","HPV",0.002,36.0
"OPV Generic 20 Dose","",0.001,"Liquid",0.0,1.0,10185,"USD",1.0,"WHO Shipping Guidelines","OPV_WHO_Shipping_Guide_20Dose","1 Vial","","","","",20,"",1,"","OPV",24.0,6.0
"Rabipur Rabies 1 Dose","",0.001,"Lyophilized + Water For Injection Diluent",0.0,50.6,10212,"USD",0.01,"Chiron Behring Vaccines Private Ltd.","Rabies_Chiron_4Carton_1Dose","4 Vial Carton With 4 Ampoules Of Diluent","","","","",1,"",1,"","RAB",0.002,48.0
"HepB 1 Dose Vaccine vials","",0.001,"Liquid",0.0,26.1,10101,"USD",0.01,"Serum Institute of India","HepB_SerumIndia_Vial_1Dose","50 Vial Carton","","","","",1,"",1,"","HepB",0.002,36.0
"JE Live  5 Dose (Chengdu Institute of Biological Products)","",0.001,"Lyophilised",2.9724,2.5,10139,"USD",0.01,"SA14-14-2","JE_Chengdu_100Carton 1Dose","100 Vial Carton","Used Vaccine Volume Calculator Values as they made more sense","","","",1,"",1,"","JE",0.002,18.0
"TATAVAX TT 10 Dose","",0.001,"Liquid",0.0,2.46,10242,"USD",1.0,"Sanofi Pasteur","Tetanus_Toxoid_Sanofi_10Dose","10 Vial Carton","","","","",10,"",1,"","TT",0.002,36.0
"JE Live  1 Dose (Chengdu Institute of Biological Products)","",0.001,"Lyophilised",11.48,12.6,10140,"USD",0.01,"SA14-14-2","JE_Chengdu_100Carton_1Dose","100 Vial Carton","Used Vaccine Volume Calculator Values as they made more sense","","","",1,"",1,"","JE",0.002,18.0
"Rubella 10 Dose","",0.001,"Lyophilized + Water For Injection Diluent",2.61,2.61,10229,"USD",0.01,"Serum Institute of India","Rubella_SerumIndia_10Dose","50 Vial Carton + 50 Ampoule Carton Of Diluent","","","","",10,"",1,"","R",0.002,24.0
"Vaxmem HIB 1 Dose","",0.001,"Liquid",0.0,13.4,10073,"USD",0.01,"Novartis","Hib_Novartis_1Dose","10 Vial Carton","","","","",1,"",1,"","Hib",0.002,36.0
"Poliomyelitis IPV 1Dose","",0.001,"Liquid",0.0,15.7,10179,"USD",0.01,"Bilthoven Biologicals B.V.","IPV_Bilthoven_1Dose","360 Vial Akylux Tray","","","","",1,"",1,"","IPV",0.002,24.0
"Quinvaxem Pentavalent  1 Dose (Crucell / Berna Shingal)","",0.001,"Liquid",0.0,12.85,10053,"USD",0.01,"3mL","DTPHepBHib_Crucell_Shingal_3mL_1Dose","50 Vial Carton","","","","",1,"",1,"","DTP-HepB-Hib",0.002,36.0
"OPV Bivalent Types 1 and 3 20 Dose","",0.001,"Liquid",0.0,2.41,10191,"USD",1.0,"Sanofi Pasteur","OPV13_Sanofi_20Dose","10 Vial Carton","","","","",20,"",1,"","OPV",24.0,6.0
"OPV Monovalent Type 3 10 Dose","",0.001,"Liquid",0.0,0.97,10201,"USD",1.0,"GSK","OPV3_GSK_10Dose","100 Vial Carton","","","","",10,"",1,"","OPV",24.0,6.0
"DTP Generic 20 Dose","",0.001,"Liquid",0.0,2.5,10029,"USD",1.0,"WHO Shipping Guidelines","DTP_WHO_Shipping_Guide_20Dose","1 Vial","","","","",20,"",1,"","DTP",0.002,36.0
"IPV Vaccine SSI 1 Dose","",0.001,"Liquid",0.0,101.4,10181,"USD",0.01,"Statens","IPV_Statens_1Carton_1Dose","1 Vial Carton","","","","",1,"",1,"","IPV",0.002,18.0
